-0.489821,1.313517,-0.488735,-1.152195,1.664170,1.194087
-0.493207,-2.843546,0.250369,-0.193626,1.411650,-1.533246
1.968900,0.801537,-0.356328,-1.443705,1.223099,-4.668630
-0.718408,-0.363665,-0.739960,-0.457885,1.460273,2.058775
-1.075615,0.096827,1.052818,-1.116408,-0.623342,1.232231
-1.217645,0.517737,-2.447211,-0.505908,1.888395,-2.295794
0.194512,-1.947951,-0.173340,-3.440811,-0.338465,1.017627
0.756867,1.237812,2.290855,1.155965,0.687315,-1.039040
3.072298,-2.642061,1.985923,-1.295462,-3.072151,0.197379
0.016518,0.112815,-1.175746,-0.216802,1.145057,-2.737685
-2.169321,0.418440,2.153164,2.738315,0.144914,-0.768693
0.169562,0.831847,0.636920,-0.993075,-1.152754,1.651212
-0.421374,-0.086468,1.089489,-0.602256,-0.416594,-1.131345
1.546654,-3.680272,-1.381500,-0.966893,-1.288704,3.703613
3.060977,-0.078423,-1.188417,-0.542803,-1.288292,1.132064
-1.734957,-0.634680,-1.940125,-1.798643,1.086644,0.660180
0.580511,-1.406903,0.633825,1.115278,-1.224277,2.955120
-1.194620,4.778158,0.175477,2.198540,0.931640,-0.473027
-1.816017,1.323906,-0.461934,-1.298130,1.782096,0.584425
0.126299,3.371517,-0.564319,-3.684978,-0.284424,1.043107
-0.176590,0.779842,-0.741617,1.449782,-1.814153,-0.153609
-0.482828,-0.093732,-1.085097,-0.977558,2.233790,0.092898
-2.833612,1.871258,1.414659,0.127218,0.529800,1.835705
-4.354773,-0.400622,-1.561002,1.835617,1.465711,1.452933
0.436534,-1.695905,-0.236362,0.232238,0.491807,1.199703
-1.736441,2.097422,-0.240499,0.756887,0.301463,2.687949
0.406774,-0.723203,-0.184577,1.075270,-1.884616,3.253481
-2.834524,1.276785,0.608823,0.686722,0.204942,-0.534525
-1.204314,1.822579,1.231323,-0.367569,-0.018546,-1.015838
-1.314065,1.764154,-0.752652,-0.544283,1.158084,-0.284011
-2.283019,-0.498022,-1.266484,0.375981,1.268462,-0.455987
-5.366214,1.316590,0.831319,-0.115359,0.903733,4.098307
2.344050,1.116548,0.789736,-0.368300,-0.595948,0.334992
2.158961,0.685660,0.387177,-1.046956,-0.997247,-1.230301
-0.681216,-1.235828,1.693195,0.549376,-1.647229,-0.843732
-1.597785,-1.606143,-2.230282,3.132627,1.291358,-1.569618
-0.037364,0.793447,-1.131581,3.070923,0.510351,-0.516939
0.013004,1.817133,1.037047,-2.038281,-0.670888,-1.923371
-1.780715,-0.159982,-0.459847,-0.618720,0.289502,-0.156630
-0.306029,-0.663369,1.843147,-1.496307,-1.122824,-0.692978
1.190534,-3.119512,-1.042554,-0.593279,0.538860,1.547806
0.348758,-1.951107,0.709799,2.653933,-2.200324,3.009428
-0.653601,0.746773,0.281544,-0.718777,1.284018,0.529749
0.352194,-0.232871,0.102389,-0.277370,0.448235,-0.257463
0.655832,-0.636986,0.106757,0.513987,-1.013631,-0.478999
1.325094,-2.238890,-0.297488,-0.227871,0.401393,1.928888
2.533559,-2.314420,1.939806,-2.718873,-1.326835,2.736765
1.261098,-2.270365,-0.263712,-2.600370,2.088482,-2.878057
1.924508,1.304661,-1.708768,-2.123865,1.281655,-2.124178
-2.855497,0.202554,-0.193017,-0.363848,-0.049195,1.438019
0.307910,0.467168,1.915800,-0.033379,-1.428233,2.882903
0.188774,0.768732,1.639477,0.841942,-1.053746,2.702931
0.477762,-1.880892,-1.028953,0.990483,1.247195,-1.554302
-2.800388,-1.278089,-1.076798,1.034957,-0.299691,0.497315
-1.560055,1.289497,1.195951,-0.185436,-0.240642,2.094979
2.795831,1.408555,3.916586,-2.956035,-1.920758,-3.592112
-0.539090,0.929542,0.602995,-0.400966,1.302409,-1.694628
0.626147,2.414835,-0.585499,-0.313715,-0.696997,-2.464065
0.255820,0.603793,1.663807,0.138780,-1.201992,4.087953
1.139925,2.598927,-0.730945,-0.419057,-1.785613,-3.485680
-0.011199,-1.908415,0.422739,-2.417235,2.651172,-0.234580
-3.362124,2.853394,0.605992,-0.165291,1.192945,1.928275
1.288276,-2.217010,-0.522303,-0.559984,-1.437066,4.883783
-1.129339,-0.254350,-1.572837,0.983528,1.352109,2.662390
-1.648610,1.603846,0.479863,-0.065852,-2.185385,1.014938
-2.578328,1.735955,-0.809757,0.685250,2.084390,1.064022
-0.352554,-1.141048,-0.968415,0.698947,0.861197,0.342009
-0.924402,0.012622,1.296613,0.591669,0.079535,-1.184116
0.108790,1.819543,3.007632,-1.745795,0.032337,1.989737
0.093580,-1.845031,-1.246245,-0.430341,1.211263,-2.198378
-0.787112,1.596422,-0.563006,-1.385477,2.653921,-2.554688
0.792445,-1.511223,-0.447205,1.779230,-2.102936,-1.288741
-0.551550,0.540450,-1.085867,-0.267141,-0.526236,1.523487
1.203238,1.872787,-1.325985,1.176450,1.379729,0.031099
-1.880621,2.288338,1.832150,1.031944,0.211996,0.055655
3.392385,-1.577391,-0.003795,0.658374,-0.539718,0.323058
-0.803728,-0.308369,-0.785308,1.325769,0.141539,-1.558208
-0.131502,-0.333731,-2.276402,1.113048,2.848544,-1.145709
-2.010784,2.028260,-0.231953,1.814316,-0.175288,-2.755596
1.475468,-0.803734,0.198556,-0.499647,-1.338815,-0.596795
-0.437148,0.383797,-1.372869,1.529013,0.883494,-2.350168
2.912959,-3.144414,-1.454140,0.111569,0.265280,-0.793970
-2.387042,0.281270,0.313089,0.298998,0.521510,2.963196
0.456840,-1.873344,-1.058951,1.921597,0.252843,2.441145
-3.650317,1.564002,-1.085270,-0.147301,1.078102,4.308881
-0.807818,1.094622,-1.569349,3.120748,3.051491,0.266177
1.001619,-1.758329,-1.774177,-0.468788,-0.112068,-1.159473
-0.719130,1.501196,0.726034,3.457415,-0.088958,-1.547077
-4.168420,-0.190942,-0.620522,-1.190138,-0.571692,3.259251
-0.778955,0.275825,-0.636972,-1.929875,-1.188280,1.204748
0.259390,1.733877,-0.495793,-0.341314,2.130339,1.353413
-1.684844,-1.923585,-1.567535,0.902863,0.167712,0.373559
-0.143220,-1.196034,1.429284,2.250919,0.593416,0.039900
-3.190543,-2.660939,-2.471769,2.341709,2.407631,2.796936
-1.074729,1.017996,-2.338277,1.448383,2.347608,-1.392215
-1.000015,-1.354288,1.066265,2.024133,2.361759,-2.249645
0.440125,3.904946,4.671736,-1.140494,-0.218830,2.590701
-1.608349,1.268513,0.040878,1.202963,0.259495,0.418150
-2.733248,1.945821,2.692237,-1.477726,-1.379974,-1.136281
2.332623,-1.908043,-0.469111,0.905909,-1.684371,0.507302
1.005432,0.348730,2.875971,-1.228059,-0.411683,1.022575
2.610759,0.707980,-0.101091,-1.201663,-1.872953,-2.528966
0.806248,0.256148,1.379396,1.048176,-0.894556,2.581357
-0.808562,-3.270762,-1.393183,0.103495,-0.889019,2.675808
-0.564108,-0.260322,1.308052,1.070059,0.820287,3.684570
0.528052,-1.076687,1.496023,-1.401643,-1.905172,4.267865
-1.894808,2.665371,0.398653,1.431362,0.435984,-0.267181
2.955423,0.785355,-0.997952,-3.041471,0.645859,-1.341597
-1.440760,-3.329756,-0.833590,1.990401,-1.036274,0.829778
-1.937606,0.319739,-0.832689,0.433539,1.218015,3.311516
3.734131,-1.942231,-0.702213,-1.302392,-0.916252,1.777393
1.679180,-0.586677,-1.147513,-0.219004,-1.721163,0.025569
2.427653,-4.298167,1.700442,-1.244565,1.478787,0.521606
0.146049,0.582141,0.515299,0.003840,0.518007,-1.990533
3.490402,-0.318843,-0.362625,-2.264963,-0.601332,4.494807
-2.102221,2.957040,0.243202,1.083767,1.361234,0.264309
2.087418,-3.053033,-0.574862,-1.819846,-1.041506,4.007184
2.877854,-0.216656,-0.426487,-1.747244,1.563275,3.230562
-1.796610,-0.122320,1.841531,-0.247243,-0.219918,0.051071
2.731440,-0.220952,-0.385844,1.475302,-0.403371,2.549995
0.633817,-0.760365,-1.747111,1.252300,-0.989388,-1.031032
-3.019186,1.861265,0.359382,0.958801,-0.220718,-1.943330
-1.207720,2.387392,2.228774,1.122010,-0.936581,1.294155
-1.794618,1.551548,1.043245,-0.519676,0.412129,-0.556939
2.518574,2.355695,-1.416985,-0.569659,0.919641,-1.751305
2.419173,0.750219,0.145339,-0.824275,0.678710,0.666704
0.458972,3.183556,-1.374156,1.246216,1.839623,-3.714130
-1.683708,0.092730,0.414239,2.283085,-1.562377,0.835354
-1.977069,0.315561,1.050938,-1.906402,0.622057,0.112556
0.898948,-1.881405,-0.128900,-0.146034,-0.562571,-1.759005
-0.503995,-0.349298,-0.861876,-2.981680,2.612864,-1.926925
0.758034,-0.793712,1.468320,0.698494,-1.681435,1.144021
-0.290596,-2.260569,1.386738,0.969175,-1.420228,1.256641
0.321933,-0.447459,-0.837835,1.487884,-1.690189,0.143380
0.089243,0.837033,-1.189223,1.201576,1.137811,-2.408186
-0.848014,2.151820,0.676862,1.836826,1.232836,-0.569935
-0.502034,0.796872,1.224371,-2.089969,-1.330109,1.352762
-2.960257,2.932327,-0.292036,1.451281,1.198327,-1.861889
0.559365,-1.677989,-1.142170,2.023938,1.940180,-1.931857
-0.426733,-0.678199,0.464479,0.053989,-1.193874,1.335643
2.030239,-0.950098,-0.617246,-0.277576,0.116060,-0.965345
1.178304,-1.200981,-1.176287,0.258398,-0.363393,2.358331
1.331283,0.689601,0.973357,-2.273662,-0.216065,3.734658
0.924800,1.242296,0.933159,-0.524949,-0.262044,1.612915
-1.898117,-0.702188,-0.060227,-0.644427,-2.305143,2.386154
-0.307397,2.090744,-0.857437,1.270454,-0.127373,0.909359
-0.696182,1.271793,0.135401,1.703375,2.325115,-0.446669
-0.491210,2.548514,1.518021,1.659980,0.415552,-0.932422
1.150498,-0.993444,0.304909,0.445497,-0.120403,-5.318773
-0.570945,-1.156119,-1.546888,-1.916325,0.167146,-1.461899
3.006478,-3.228243,0.822158,-2.839084,-0.760933,1.752267
1.293576,-3.454094,0.843121,-1.562927,-1.805994,1.206140
0.266512,-0.649815,-1.028084,0.035959,0.427278,0.754924
-0.198632,-0.006360,0.201336,-0.386490,-0.845158,-2.258501
-0.227386,-1.103102,-0.540583,-0.936378,0.282106,1.147423
-2.233876,1.453285,0.849887,-0.661818,-0.325638,-1.468916
1.955064,0.882136,0.703498,2.548123,-1.152452,0.366650
0.185025,0.671887,-0.671700,-1.454545,0.857854,-0.900203
-1.320654,2.383750,-0.102472,0.233171,0.172548,-1.025479
0.764613,0.895453,-0.962057,1.126727,-0.816571,-0.088366
2.325781,0.962915,-1.543102,1.234023,1.402899,-2.264096
-2.236939,2.527240,1.603923,2.296338,0.322061,-0.408705
1.153493,-0.087478,-1.389639,1.278076,0.032022,-0.612375
-0.549493,4.380988,0.377487,0.760118,-1.321528,-3.275033
-1.001466,0.325287,0.650529,1.319126,-0.645694,-0.848908
-0.026605,2.476018,-0.416673,-1.185195,0.875641,-0.097385
0.070326,-2.322810,-0.975891,-1.428961,0.946970,1.179161
-1.345195,0.927619,1.358899,0.912091,-0.779855,-2.309863
-2.441431,0.983392,2.201148,-1.997527,-1.600787,3.027033
-0.508241,3.000343,-0.258659,-0.104961,2.309965,-2.602548
1.092700,-0.088609,1.842583,-1.614286,0.344079,-0.712403
0.510327,-0.046230,0.313229,-0.240246,1.005579,-2.102037
-0.237510,2.185330,-2.543735,-0.298100,2.995072,-1.274836
-1.000967,-1.717280,0.541247,0.958754,-1.865838,-0.597544
-1.817793,1.708060,-2.404650,0.012870,0.408858,-0.501994
2.756057,-2.201041,0.012746,-0.438484,0.650978,-0.240424
1.709480,-0.865771,-0.108404,2.732183,0.101447,-0.349965
-0.610955,0.553053,-0.458944,-0.411710,1.629258,-0.398266
0.631859,0.145264,1.179071,-1.253473,0.985735,-1.749049
1.061576,-1.646381,-0.624787,-0.399619,-0.694432,1.567459
-0.277059,0.851499,-0.298360,-0.005652,0.207380,0.283337
-1.164214,0.853435,-0.792986,-2.147923,-0.352032,2.188299
1.611404,1.184465,-1.515353,1.406089,0.958125,-7.019883
-1.118393,-0.825644,0.889146,-2.103469,0.011194,2.674240
1.415753,-0.794349,-0.379558,-1.172726,1.535594,-1.171877
-0.197607,3.191271,1.795852,-1.849437,-1.277603,3.786132
0.888474,1.092153,0.242606,-1.556344,-0.718857,-3.893416
0.660928,-0.910981,-0.201740,-0.620859,0.677632,0.419780
-0.700088,-1.353568,-0.251244,-1.413468,1.846477,2.221121
-0.699938,-1.025771,0.702733,1.545173,-0.152454,-0.361555
0.298678,2.788379,2.444041,-1.592326,-2.041559,0.647658
-1.893548,0.503010,-1.611893,1.854533,2.876309,0.420709
2.289133,-1.376991,-1.728911,0.686319,-0.936969,-0.494310
0.948100,1.037922,0.170306,0.153128,1.340756,-0.938976
0.840364,-0.046054,1.693714,-1.098247,-0.636224,-1.410129
-0.112447,-2.102049,1.171100,0.013959,-1.920519,0.138643
-1.209737,-1.338646,-1.870605,2.220659,0.317972,1.204331
0.136952,-2.247141,0.475947,-1.060310,-2.349277,-1.513538
-0.149782,-0.028195,-0.133206,-2.024690,0.883607,-0.442984
0.255719,-3.072359,-0.510085,-4.244254,-1.416719,-0.043095
-0.388284,0.224978,-2.784688,1.491507,0.338691,-1.203817
-1.521745,1.732768,1.440667,2.319706,-0.386021,0.799079
-0.989439,2.176055,0.984072,0.950125,0.530716,0.125952
-0.240801,0.827507,0.757156,0.380096,0.915152,-2.859029
1.635099,0.951058,0.228955,-2.355874,0.278725,-1.930723
0.035692,0.374194,-2.419341,1.547001,-1.602604,-0.231700
3.059547,0.463113,1.546173,-1.107873,-1.055934,-2.274575
1.968722,-0.555960,0.005084,-1.813888,0.223852,1.112942
0.434843,0.347190,0.249246,0.402088,-0.811463,0.730312
-2.649122,1.407725,-0.294658,1.176753,2.133173,-3.028815
-1.186012,1.414002,-1.467099,2.423813,1.199383,-2.873264
-0.662124,0.022001,-0.740835,0.037719,2.153809,-1.359494
-0.301003,-3.242311,-1.501820,3.283440,0.130506,1.021037
0.854402,2.448748,0.194890,-1.869054,-1.262525,-3.257355
-2.133369,-0.699060,0.263877,0.313084,-0.793823,5.456270
0.988920,-1.205000,0.060443,0.123263,0.252950,-1.034331
-1.852839,1.208387,3.554444,-2.677526,-1.196249,0.652627
-1.625279,0.593867,0.901763,0.613122,0.080606,-0.624767
-0.006442,1.469478,-1.633776,-0.252483,0.294436,-1.665011
-1.250829,2.620914,0.851360,-0.017539,1.610243,1.411231
0.995790,-4.695464,-0.965276,-0.200386,-1.044550,4.165291
-1.306760,-0.323718,1.310275,-2.467518,0.097558,-1.827584
-1.730319,0.552249,0.320194,1.871184,2.297707,-2.399028
0.309617,-0.183438,0.158006,-0.525315,2.065011,-0.258262
0.301905,-1.683142,-2.427563,-1.540460,1.184076,-0.847079
1.725555,0.507675,1.094246,0.906242,-1.141219,2.770968
-1.116232,0.890344,-2.112407,2.939631,2.195878,0.312842
0.888331,-1.865618,-1.568732,0.337122,0.902627,0.916163
-1.584999,2.485286,1.898135,-0.883906,-1.115094,-0.708131
-1.313248,0.139684,0.742846,1.898518,0.279641,2.381726
-1.154838,-1.210079,1.732594,0.087979,0.404413,0.411529
-1.207055,1.430443,-0.488057,0.284666,0.509062,-1.076440
-2.125803,0.700221,-0.522449,-1.821572,0.553665,-1.059335
-4.428781,-0.347518,0.150285,0.216966,1.798364,0.100883
-2.658095,1.343626,0.531399,-0.573040,2.967787,1.492882
-2.295212,1.395471,0.484450,1.057046,0.367065,-1.914792
-4.388063,1.757827,-1.140966,-0.009463,1.427216,1.250985
1.682522,-1.723172,1.120692,-2.105745,-0.229096,-1.855923
0.237002,0.716438,0.062559,2.168585,0.280873,-2.456520
1.682050,-3.067977,1.605349,-2.401632,-1.543457,0.559668
2.869656,1.251220,3.404955,-3.241901,-0.068466,-3.958829
1.887920,-0.178767,-0.505086,0.954984,-0.974160,2.494292
1.126615,2.265374,0.746362,-0.809646,-2.177568,-1.761681
0.504287,-0.268532,-0.463926,0.367788,-0.853353,0.160405
-0.129558,0.523497,0.394805,0.544619,0.744444,-0.054949
-1.757548,-2.861762,0.577492,0.730246,-0.425837,3.661301
-1.046099,-0.370517,-0.321523,-1.274375,0.744031,2.120021
4.888144,-2.127351,2.649712,0.404926,-1.808393,1.422192
-1.583820,1.104553,0.757069,-1.208331,0.411063,1.403201
0.329455,1.135694,-0.158914,1.295417,-0.870830,-2.424129
-0.930565,2.266819,-1.582971,0.832940,0.571660,2.032946
0.658994,0.041271,-1.265334,-0.500536,1.402822,-1.174896
0.175787,-0.147520,-0.162213,2.024302,-0.659211,-2.637719
-0.839737,-0.254349,-1.265734,0.631161,1.280359,-3.589737
-2.300670,0.724877,0.388025,-1.540411,0.022279,-0.227513
-0.716066,-0.245563,0.099919,-1.545735,-0.480419,2.410337
-1.281053,1.767010,-1.819878,2.164460,2.318987,-0.132100
3.536365,-1.618960,-1.036273,0.936770,-0.873159,-0.983545
-0.164205,1.717752,-1.177824,-1.895271,0.222922,3.471154
0.384967,-1.626205,-2.104227,-1.227362,1.649453,1.878217
1.930860,0.443152,-0.712164,1.484502,0.612266,-2.971800
-3.051169,2.227524,-1.958993,0.324375,0.755506,-2.606791
-1.301768,-0.123840,2.622456,-4.552180,-0.868812,0.173651
-2.726748,1.223208,0.520619,-0.208772,-1.169047,-0.387056
2.070524,-1.069465,0.609712,-1.334506,-1.044172,0.111060
3.259576,-3.381154,-0.077556,1.056763,-0.240707,-0.584520
1.025397,-4.505015,-0.863071,-0.890660,1.563491,1.717328
-0.213694,0.661396,-1.186238,0.839339,-0.499278,1.652475
-1.473015,2.025093,-1.186050,-0.395700,0.384553,-1.433655
-0.197975,-1.323581,-0.630784,1.809206,-1.073741,-2.147145
-0.940915,-0.165545,-1.505904,-1.234412,-0.899827,-1.886444
0.549251,0.740654,-0.078072,-0.580284,-0.739623,1.064476
1.754216,-1.701057,-0.887083,1.137964,-0.476662,0.710519
4.309026,-1.583934,1.691348,-0.179518,-0.903995,0.365525
-2.553707,-0.269129,-0.460800,4.690156,-0.411600,-1.423189
-3.139315,2.551153,-1.050723,1.725963,1.314695,0.465207
-0.523322,-0.939856,-1.750279,-0.455049,1.592551,1.181590
-1.282774,-2.484530,2.003686,-0.773983,-0.629035,0.017737
2.373131,1.913652,-0.991947,0.322745,-1.197505,0.129924
-1.340809,-1.988808,-0.495598,0.441952,2.306860,-0.574527
0.907411,1.806866,1.257343,-0.355590,1.131258,-4.573786
1.650932,-2.899631,-1.675341,-0.919742,-0.536660,1.340718
0.814981,-2.301813,0.672612,1.065709,-0.011098,0.200544
-3.737442,-0.308712,-0.853387,1.912044,-1.160689,0.741104
-0.000856,0.773980,-1.269591,1.728773,0.158457,-1.853386
3.832775,1.043887,0.942218,-0.222758,-1.794460,-1.093810
0.486459,-0.573171,-1.997052,2.400049,-0.997950,1.194868
-0.721909,-1.959231,-0.947166,0.862886,-0.300337,3.846407
-2.241445,1.597268,-0.534613,1.480908,2.228189,-1.245382
-0.897096,-1.592337,-2.619469,1.824038,0.235265,-0.268592
-2.429631,0.560162,0.371551,-2.036840,1.278210,-0.583008
-1.206171,-1.457709,-2.277286,1.308885,2.507708,2.185600
-3.253148,1.110502,-0.796714,1.135986,0.525131,1.690210
1.155659,2.267921,-0.765104,0.523644,-0.761855,-1.428348
-2.102981,3.779581,-0.855296,0.477650,1.262747,-1.260051
-2.505929,2.510883,2.247021,-0.441298,0.198018,-1.414976
-1.584457,-0.224145,-1.849407,-0.153451,-0.089264,-0.735900
1.376263,-0.519375,-0.857159,1.401632,1.027950,0.435952
-6.508898,2.956953,0.367430,0.633513,2.226370,0.052271
-1.086342,0.800703,0.227623,-1.210974,0.945798,3.575450
-0.035504,2.691577,-0.067924,0.966725,-1.074140,-0.257540
-0.069742,2.791992,0.855916,-1.688168,-1.276980,0.996529
2.066167,-3.407350,0.437747,-1.965691,-0.531803,2.602118
-0.245596,-1.195622,-0.740168,0.790559,-0.777399,-0.917632
-1.462416,-1.032515,-2.758758,0.684273,0.652612,1.984209
0.712222,0.826909,0.006698,-0.045718,0.336397,0.856332
-1.710024,1.426566,-0.384238,-1.290476,-1.145541,-0.700779
0.407893,1.243260,0.486405,1.884608,0.341246,2.790116
-1.534132,1.498332,-0.469686,0.919854,-1.357015,1.330439
1.910925,-1.138803,-1.740740,0.780574,1.850109,1.235490
-0.973960,-1.323081,-0.081864,-2.970112,-0.214402,-3.959043
-0.855198,1.454848,1.959866,-1.532024,-2.203968,-2.028596
-0.472403,0.503447,-1.649225,0.539338,2.394449,-2.975711
1.352778,-0.661858,-2.153847,0.581169,-1.082470,-0.808703
0.333047,-0.952075,0.056892,-0.076371,-0.199014,-0.491780
1.021510,-0.911350,1.720750,0.023252,-0.245339,1.142124
-0.625833,-1.684315,-0.177417,-0.884666,-0.313871,0.790394
-1.354756,2.052729,1.844489,-0.461553,-0.033943,-3.768110
0.158208,0.289281,1.230795,-1.172827,-1.117178,-0.154353
-0.479633,-1.892233,-2.011433,1.610571,1.114378,0.760017
-5.035112,3.381308,0.245253,0.763032,2.297208,0.836599
1.270558,-3.254935,-0.499794,-0.949536,-0.523805,0.009962
0.129187,0.517161,-2.103307,1.856986,0.582552,0.304102
0.791424,-3.431054,-1.420386,0.840682,0.603190,-0.320027
2.592646,-0.241892,-0.941228,1.009545,-0.295713,0.427504
-4.016782,1.842734,-0.119939,1.997742,1.195159,2.374807
0.464575,-1.302936,-0.326789,0.472383,2.337592,-0.457223
1.568103,1.899850,-0.204650,0.938071,-0.344550,-0.286672
-2.102162,-2.726738,1.907341,-0.252710,-0.966611,3.092755
-1.566840,0.137928,0.531855,1.592500,0.211616,1.319763
0.280439,0.322692,0.951134,1.612004,-1.050250,0.769262
0.421872,-0.340372,1.598078,1.580302,-1.632265,1.201132
0.188482,0.100269,0.205554,1.827585,0.475859,3.206933
-0.181739,3.702808,2.050993,-0.136440,-0.026562,-1.008846
-0.368223,-0.295270,0.994291,-0.116798,-1.487528,-0.314213
2.005305,-4.795518,-1.209780,-1.574107,1.985549,1.858882
-0.632044,0.381732,0.290209,0.945581,2.563372,1.758267
1.610335,-0.841952,-1.185422,1.390474,0.635083,2.284986
-0.523990,-0.177671,0.528797,0.884512,-0.136657,1.426388
-0.654694,-0.004743,0.175592,0.141741,-1.143940,-3.088796
-2.780601,0.867770,-0.988934,2.626887,0.341979,1.680133
0.266074,-0.392998,0.197409,-0.361737,-1.841234,-1.007828
-1.938060,-0.066945,-1.471030,1.381479,1.323360,-0.035375
-2.548419,1.257097,-1.491328,-0.530208,1.056037,-0.237690
0.025876,1.870647,0.321398,-0.420085,0.411191,-2.037543
3.149676,-2.831991,-0.378166,-0.618409,-1.359921,1.353005
0.315980,0.612057,1.067145,1.301070,0.080608,-0.805397
-0.417605,0.456784,-0.621088,1.700914,0.482763,-1.049747
-0.112966,-0.514242,3.011235,1.046640,-2.031621,0.648135
-1.577346,-0.241114,-2.466797,2.556790,2.416644,-0.310324
-1.895452,-1.847287,1.097380,-0.943109,0.035403,2.716460
-1.384985,-0.120648,0.850425,-1.908484,-0.598866,6.468089
0.581821,3.529297,2.283462,1.643582,-0.826475,-4.533419
0.381239,-1.966900,-0.588167,1.441605,-1.577562,1.234996
1.260886,-0.193747,0.954756,-1.604692,-0.812262,-0.103411
-0.102202,-1.410742,2.536976,-0.808727,-1.518452,3.862889
-0.252923,0.098688,-2.220232,0.991133,1.863967,-4.056579
-0.825007,2.046312,0.520224,-1.378073,1.479693,-1.091776
0.617992,0.139413,-1.325568,-1.718029,-0.831171,-2.408421
1.853391,0.630052,2.328035,0.271497,0.318245,-2.022670
0.955265,0.694233,-0.173023,2.112099,-0.307622,-2.520721
3.050910,-2.936366,-0.429518,1.247970,-2.092935,-0.483975
0.570212,-0.868637,-0.518963,0.958526,-2.028006,-2.984270
2.238092,1.851787,0.909986,-0.901883,0.136816,2.015958
2.569189,0.650609,1.890490,-5.334664,-2.511895,-1.047069
0.272962,-2.607420,-0.076540,-1.798425,-1.044274,1.469612
1.464343,0.402543,1.684187,-0.777415,-0.156806,0.966681
-1.769032,0.165322,-1.306427,-0.260422,0.227494,-1.797898
-3.148743,2.152759,0.744684,-1.290818,1.662164,-0.719337
-0.607537,-0.440620,-1.706958,-0.314810,1.466909,-3.032718
1.513404,0.407226,1.169607,1.078164,-1.439492,-1.703611
4.912123,-4.041965,0.458220,0.798857,-2.080277,1.113621
0.287258,0.506129,-0.030183,2.091398,0.878674,-0.853297
0.825699,-0.879738,-1.935013,-0.785284,0.223839,-2.896997
0.974697,1.544193,0.907138,-0.456019,0.839757,-0.703986
-0.578550,1.282739,-0.412628,-0.161761,1.376997,-0.159549
0.823035,1.185088,0.325680,-2.361718,-1.408945,2.764113
0.995392,-2.509050,-1.401718,-0.782794,1.433668,-0.603542
1.829142,-2.471217,0.301913,1.137084,-1.048687,0.124909
-1.281102,-0.002501,-0.095830,-0.220013,-1.044454,2.698324
-2.197562,0.662859,-0.744256,0.585918,0.637910,-0.236283
1.099698,-1.075034,-2.152719,1.402723,1.019892,-1.753320
-1.207366,-0.730074,-2.636411,-0.235583,0.137198,-1.541213
0.228478,1.728259,-0.246184,-1.549418,0.017238,-0.022764
-2.638271,0.001880,-2.383639,1.356439,2.233962,-1.152103
0.245951,-0.665729,-0.071043,1.480767,0.781096,-1.756476
0.690661,-4.479832,-1.236051,1.182591,-1.725052,0.382974
3.979521,-3.590489,-0.909635,-2.065073,-2.100953,-0.674671
-1.510944,0.652064,-2.242780,2.315126,1.346006,1.637462
-0.669919,0.901331,1.215763,0.909350,-1.368248,0.594150
0.617681,0.870766,1.382986,1.757072,-1.260301,0.659268
-1.969978,-0.223749,0.439953,-0.550409,0.630772,0.795827
-0.609608,1.046505,-0.751243,0.895202,0.454087,0.306204
-4.164882,-1.782628,-2.248027,2.287039,0.606164,0.847381
1.181592,-2.119193,-1.852673,-0.365367,0.403392,0.872995
-1.573881,-0.339595,0.948834,0.078414,-0.204635,2.742906
3.715560,-0.135417,1.431344,-0.724087,-1.651823,-0.564309
-1.685741,2.094789,-1.103114,0.809762,1.170933,-0.182593
0.487068,-2.859159,0.651221,2.052593,0.298295,-4.500579
-3.412440,2.407017,-0.879256,1.132409,0.356180,-1.801983
0.714650,-2.922908,-0.551502,-0.423118,1.217434,-2.701501
-2.610591,-0.183784,-0.501140,0.835933,1.171464,3.187830
-2.197179,0.245259,-0.321472,1.224308,1.549325,1.954841
-1.218344,1.688107,1.016056,2.284111,0.156938,0.804537
2.781416,1.076659,-2.691693,-1.583004,1.512294,-1.058583
1.222851,-1.738018,-0.026861,-1.595210,-1.759939,-1.194111
1.696489,1.180592,0.846671,0.503234,-0.657863,-3.101663
-0.106759,-1.890091,-0.803824,-0.929678,0.159288,1.348047
0.378211,0.717101,0.500681,0.848393,0.272524,-0.987147
1.542446,-1.411699,-1.564142,1.505598,-0.040504,0.122377
0.988324,-1.551119,0.249167,-0.418296,-0.033386,0.834631
-2.383051,-1.873037,0.524157,0.310955,-0.543789,1.719026
2.238488,-1.312560,0.681115,0.031417,0.530649,-0.994459
2.138171,0.408544,-1.858443,-1.021762,-0.199238,0.428707
1.200381,-1.466045,2.303484,2.335042,-1.311855,-1.518395
0.653395,2.835566,1.216815,1.408851,-1.440220,-0.224590
-3.309876,1.841011,1.081646,0.699557,0.470851,0.247668
-1.067471,0.215413,0.520938,-0.735139,0.844133,1.703783
-2.796981,1.453139,-0.646433,2.580252,-1.021788,-1.740016
1.222882,-0.916868,-4.581306,1.025271,2.339560,-1.838957
-0.027280,-2.038295,-1.052333,2.106526,1.717003,-1.929792
-0.915005,-0.751622,0.332231,-0.926175,0.485393,-1.430298
-0.006595,-2.209934,-2.209875,2.063743,-0.037946,-1.141070
2.187295,-0.843565,1.151563,0.627218,-2.180120,2.705288
-0.921967,-2.034324,-0.937440,0.261530,0.493966,-1.396707
0.387161,-1.185918,-0.930217,0.526201,0.246734,3.012211
0.765911,0.806834,-1.553645,0.815050,2.336859,-0.941686
-0.556049,0.076014,-0.088403,1.166375,1.772785,1.294100
-0.761198,0.575841,0.936885,0.189098,-0.173158,0.090257
2.922687,-0.244547,3.472446,1.343678,-0.843216,1.514507
-1.223353,-0.764809,0.188504,-0.285811,0.934490,0.126893
0.184346,-0.801982,-1.982019,-0.639611,0.605761,0.777367
-1.311169,-1.038136,0.148427,2.702482,2.125742,2.057682
2.197918,-1.802019,-1.337151,0.861388,1.010546,0.862555
-2.071378,1.752713,0.349871,1.387097,1.182134,-3.225895
-0.502681,-2.336188,-1.908658,0.980395,0.675784,1.206869
1.042017,0.568446,0.399019,-0.480746,-1.162354,-1.188535
-1.681002,-1.688810,-0.929358,0.711777,1.736607,-1.141417
0.140006,-0.126546,-2.371485,-0.249524,2.492953,-0.076400
0.325126,1.554181,0.048118,-0.629993,-0.422278,-2.096048
1.882387,1.079572,-0.335248,0.170017,0.340344,-1.259843
-1.750427,3.220953,1.367422,0.584104,-0.899960,-1.421023
1.923198,1.188884,1.410364,-0.679642,-0.807751,-1.885927
0.171453,2.816106,-0.638177,0.560627,1.544400,-0.293329
-1.068632,-0.036675,-0.705622,0.267608,1.174673,2.114842
-1.118812,0.313906,1.995469,-2.775878,-2.137614,-1.194849
2.323559,-2.394718,0.747484,-0.971162,-1.805220,-0.922722
-0.816195,-0.569418,1.686238,1.668060,-1.823153,0.202121
2.261259,-3.395041,0.054780,1.557699,0.833486,-0.523131
0.173272,1.187970,-1.683148,0.170946,1.405785,-2.461920
3.047215,0.762604,0.828294,-0.283004,-0.752317,-2.513495
0.506469,-1.524107,-1.642959,-0.455822,-0.396470,-1.549971
-0.505347,-0.989496,1.043255,0.312855,-1.740870,-1.223445
-0.114782,-0.781396,-1.528919,1.852780,-1.045220,0.583789
-1.061452,1.778128,-1.523728,-1.201872,1.379624,1.255582
1.194218,-0.837208,1.717064,-2.077409,-2.354346,-0.489267
2.073658,0.439335,-2.025423,0.994814,1.777143,-1.169262
2.956866,2.920948,3.307323,-1.121565,-2.347956,-2.473966
0.290425,-0.807951,1.488607,-0.243528,2.119289,0.545152
-2.644209,0.755862,2.000375,0.186451,0.584130,2.278821
-1.207368,1.540580,2.220835,0.115269,-0.178019,-0.319182
4.158647,-3.236889,-1.000937,1.445244,-0.216858,-0.033541
0.813229,0.932868,3.414351,0.924813,-0.007347,-0.259239
3.001462,-1.352500,-0.572223,-0.414449,-1.467912,-1.127744
-0.151735,-1.774657,0.476691,0.712815,0.295506,2.020283
-0.473336,-2.428407,0.139681,1.608993,-0.701997,5.206775
-2.042292,0.993361,0.737764,0.973292,-1.236405,-2.029066
-0.821189,1.041610,-0.902356,0.613655,2.741600,-4.051085
0.883237,-1.171771,-1.576536,1.704914,-0.239042,0.005856
-0.319201,0.606314,-3.444927,1.912284,1.491962,-3.323733
3.274413,-1.806681,-3.033755,-0.847886,2.266191,-0.812931
-2.318156,1.336514,-0.820864,-1.054802,0.644032,-0.936366
1.195835,2.397039,2.776468,-2.590619,-0.806488,3.192267
0.313966,-2.334503,0.914982,-0.711712,-1.261378,-2.151850
-2.274920,4.146991,0.851799,-1.689061,0.886843,-0.879318
1.104339,0.010773,2.255769,-2.361718,-0.892426,1.219996
-0.682471,-0.864013,2.054640,-0.537487,-2.048284,3.082507
0.276082,0.104165,-1.520207,-0.971094,1.667980,-1.308080
0.505514,-0.387671,-0.164209,-1.465852,-2.129779,2.864060
-1.224258,-0.639157,-1.204392,1.251543,1.085148,1.219432
-2.656872,-1.470636,-1.515200,-1.453378,-0.798943,-1.323117
-0.227172,-1.142770,-0.696037,-0.249838,-0.892121,1.465764
2.105168,-2.011916,0.481198,0.276074,-1.961697,1.601934
0.351220,-2.672914,-2.185708,2.615569,2.997625,1.402936
3.197851,-3.495126,-0.176912,2.492175,-0.306146,2.362623
2.517292,-1.867264,-0.016872,-1.920150,-0.168199,1.016216
-0.682506,-0.647179,2.096820,0.352605,-0.127526,-3.770277
-3.431942,-0.095239,1.649541,2.398519,0.931492,0.791057
-3.778358,2.248473,1.166065,-0.442774,0.810948,-1.386335
-0.742148,0.932249,0.972583,-2.645280,0.615919,2.094242
0.226646,3.315480,2.942465,-1.568241,-2.869224,-2.187363
-1.021245,2.031718,-0.169525,-1.171365,-0.132965,-1.682179
-2.730124,2.304227,0.538394,1.119076,1.352470,-1.849967
-2.162097,1.089561,0.253986,-0.753618,1.282458,2.010620
-0.060341,-2.080227,-3.012522,-0.207186,0.202970,2.377373
0.193536,2.015341,-0.495622,-0.604760,-0.676519,-4.615500
3.019183,2.271264,2.346436,-0.293312,-1.198410,-3.531133
-3.553544,-0.681035,-2.527261,1.874494,2.007292,1.512034
-1.238310,-0.605102,-0.436523,1.089993,0.913840,2.261459
-1.625802,-0.168716,-0.244667,0.780353,0.606902,0.336830
-1.028164,-0.554261,-0.066461,-0.161003,-0.524497,-1.043012
0.384822,0.544618,0.342440,1.476868,-0.108350,-1.491922
-0.209379,-1.696193,0.881109,1.442700,-1.655871,-1.614528
-3.120801,0.765522,-1.591720,0.130804,1.422994,4.642787
2.713813,0.788781,0.615496,0.260174,-1.885947,-0.585418
1.409452,-0.949696,-1.974707,-0.588892,1.349225,-2.283633
2.086653,-0.474834,-0.809961,1.663398,-1.722052,-1.559666
-2.515942,0.338727,0.338925,0.052189,-0.418669,0.211455
2.148822,0.407455,2.581363,-1.585478,-2.847561,-2.377184
-2.158606,-2.459247,-0.458260,1.174581,-0.493325,0.750216
-1.071316,1.353048,-0.800166,-1.641549,1.965211,-0.113855
-0.190788,-2.399004,-1.852404,-1.653153,0.991091,1.454634
-0.741147,-0.829079,1.098413,-1.524815,-0.702098,2.371116
-1.933533,-0.213075,-0.048613,2.180667,0.022941,-1.566027
1.560681,-1.081508,-2.530594,-1.810295,-0.852760,-0.192022
4.127497,-0.371131,-1.502114,-2.355730,1.736956,0.651471
2.245025,-2.728357,-1.822421,-3.346401,-1.747483,-2.307499
-2.957326,2.920336,0.625256,-0.887555,0.896200,-2.910861
0.065446,3.055337,-2.263014,1.174946,2.548370,-0.274333
1.086674,-1.189038,-0.566557,-1.593349,0.519745,1.283572
-0.201723,1.541997,0.830478,-0.631979,-0.789098,0.458779
0.872818,-4.742836,-0.499013,2.211013,0.866347,1.753425
-1.361989,1.482849,-1.350741,1.042651,1.141357,-1.623958
-0.761217,0.141294,-1.653842,-0.537520,1.861285,0.735683
0.321156,-0.231895,-0.792979,0.549128,0.827687,0.866303
1.639278,-1.002737,0.967693,1.303695,-1.925523,1.493705
-1.193611,3.432903,-1.135817,2.963555,0.302581,1.486070
-3.203288,0.510424,-0.354790,-0.303997,2.001032,1.876081
0.993315,-1.674751,-0.969672,-0.341871,-0.674472,1.549858
-1.753516,1.005291,1.833997,5.000969,0.109765,-3.524363
-2.130271,-0.563854,-1.014323,1.389841,-0.641147,2.418850
-1.658661,-0.289557,-1.539113,1.027394,1.774588,0.956597
0.690121,-0.496537,-0.384367,0.424453,-1.461765,-1.429208
1.130443,0.392366,0.270655,0.681699,-0.683704,0.456952
1.694905,-0.174188,2.282003,-2.612414,-2.737984,1.859614
-0.091672,1.447715,0.376859,2.760010,1.522915,-4.445792
0.014999,1.104043,1.274467,-1.997256,-0.321282,-0.693476
0.619512,-1.618981,0.909283,-2.043133,0.663427,-0.371651
1.722952,1.050383,-0.091461,-1.854530,-1.624939,-2.659917
1.538663,-1.643380,-2.295838,1.389460,0.872207,-2.969434
-0.424930,-0.724307,0.718679,0.279208,0.788971,2.112721
-1.551425,-1.139465,-1.046280,0.922180,0.904160,-0.679437
-0.990091,0.935295,1.401058,-0.237977,-0.161587,1.443821
2.359524,-3.297640,-2.485206,-0.098151,1.432369,-1.148719
-0.375610,2.371293,-0.047718,0.605172,1.296837,-0.382491
2.009350,-1.432428,-1.171809,0.295781,0.832278,1.295075
1.113843,2.156493,0.187912,0.281388,-0.579027,0.264920
-1.944040,-0.035503,-0.406878,2.861215,-0.087315,1.664927
-0.393042,-0.755793,1.512371,1.400716,-1.986338,-1.245071
0.141375,2.299631,-1.699124,1.723436,0.546600,-2.202089
1.826948,0.500763,-0.217240,-0.605169,-2.468112,0.462974
0.049400,2.615961,0.430320,0.812660,-2.653791,-2.273113
1.923700,-0.358988,0.418319,2.235757,1.169056,-0.198034
2.023145,-1.548659,2.340143,-0.784636,-1.949554,0.940868
3.811433,-0.061847,0.306785,-1.169282,-1.935822,0.328807
1.173029,-2.859923,1.930656,1.430889,0.304850,-0.348584
-0.059973,-1.264075,0.473378,0.830388,-1.692472,1.786215
0.496473,-2.453623,1.717196,-3.552237,-0.219217,-0.639022
0.146134,-1.845620,-1.890591,1.146346,0.100597,-1.485244
1.315513,-1.500660,-2.338087,2.972191,0.009577,1.782803
0.682655,-1.360958,4.359848,-0.683285,-2.379965,-0.718393
-4.699805,3.453822,1.628756,-1.687205,2.164006,3.597923
-1.975342,1.908719,1.031753,-1.468085,0.669910,-0.838101
1.102471,2.198730,0.561862,-1.448741,-1.750703,-0.336942
4.561507,-4.575570,-0.205018,0.382173,-0.163221,0.161315
-0.649682,-0.270002,1.171545,-0.126897,0.037604,2.560527
-0.112644,2.179889,-2.594238,0.873023,2.786325,0.775247
-2.825078,0.935891,-1.134458,-2.190590,1.053723,0.507842
-2.348225,2.673650,-1.249097,2.675929,3.276382,-3.475163
-3.276451,-0.866574,-0.111197,0.978645,0.304276,-0.078074
-4.398093,2.648620,-0.698554,5.573167,2.697753,-1.619587
3.021679,-0.344485,-0.089066,-1.975439,-0.236607,1.166745
-1.380762,-0.215971,0.812654,-1.245688,-0.624639,-1.762775
0.040268,-2.220028,-1.049785,-0.138008,0.938210,0.184418
-1.247469,1.537058,0.903003,1.079198,-0.023697,-0.660082
0.415275,-0.905468,-0.979365,1.269163,0.162912,0.540583
-1.916031,2.468700,1.995276,-0.073418,-0.485434,-2.219955
1.412813,1.613203,-0.495968,-1.128007,0.025722,-3.595417
-0.422090,0.514810,1.250151,-2.614490,0.261374,2.362716
3.032879,-2.916258,1.984340,-1.918245,-3.296206,0.711684
0.114023,-1.211609,1.944604,0.482455,-0.517303,0.694094
-1.596860,-0.492686,2.731188,-0.273548,-0.920312,5.365010
1.519558,2.053010,-1.037313,0.435540,2.328398,-1.707458
0.162460,-2.025751,-1.771769,-0.543715,-1.185553,2.658503
0.413638,-0.458794,-2.213152,0.340377,-0.392181,-0.349368
-0.552306,-1.599571,0.295021,0.023670,1.578034,4.739341
1.470755,-2.501516,2.347383,1.334789,-1.251261,0.362749
0.542958,-1.120645,1.652434,0.440783,0.133297,1.100916
-2.944802,2.805013,0.073042,3.853662,1.008548,-0.410231
1.638900,-1.498684,2.419743,0.495181,0.574332,1.967155
0.976855,-3.042323,-0.319757,-1.699131,-2.823736,2.301203
-2.391382,1.541460,-0.901039,1.338903,-0.468138,-2.376344
1.952498,-3.760220,-0.254028,-0.807909,0.355749,-2.446113
-0.334555,-2.567554,-3.459465,1.333561,1.970497,0.492812
-0.249287,1.142751,-1.895695,0.811800,-0.110534,0.419577
-3.820030,1.169249,0.783935,0.131602,-0.111077,-2.871962
-0.329280,0.400326,0.591063,0.827680,0.041006,-2.879356
-1.413652,-0.625652,0.613822,1.698401,-0.373964,-0.173787
-0.950344,-0.387392,-0.980497,-0.086432,0.048694,4.113047
-0.559982,1.493609,1.074018,-0.839409,0.990595,-0.356154
2.697450,-0.486829,2.822697,-2.253201,-3.090665,-1.578829
-2.216454,-0.271498,-3.280249,1.787426,-0.046042,-0.267512
1.860827,0.531397,-1.063308,1.616687,0.415669,-1.143211
-0.830771,-1.331820,-1.625670,-0.024274,0.729508,-0.375653
-0.228533,4.841367,-1.026524,0.630999,0.346116,-1.060509
-1.114451,-1.334178,-1.707934,0.672399,1.728493,3.492401
1.213494,-0.753714,1.352555,-1.119502,-1.890778,0.767903
0.912011,-2.752837,-1.232807,2.489579,-0.258724,1.037155
-0.871201,-1.116343,-2.667068,0.663775,0.446267,-1.857264
4.079670,-0.248484,0.653427,-2.508666,0.225858,-3.199461
-0.776196,-1.398296,0.954669,-2.486571,-0.036672,1.403792
1.687096,-1.973497,0.345406,-1.447667,0.884868,0.560803
2.330009,-1.127050,1.233371,-1.105628,-1.317698,-0.486115
1.284241,-0.971668,-0.545267,-1.528053,0.783533,1.978478
0.855900,2.723705,-0.212114,-2.113100,-0.892268,-1.289332
1.232136,-2.173672,-0.500428,-0.725044,0.466080,-0.165645
-0.139526,2.949908,-0.333917,0.449765,0.855670,-4.203945
0.630083,0.155425,2.069274,-2.239283,-1.792732,-2.420810
2.903505,-0.875755,1.320057,-1.025251,-0.171000,-0.817148
-0.606313,1.274392,-0.039840,-0.183016,0.046909,0.720345
-0.480114,-1.365394,-1.073286,0.903637,-1.680640,-0.102999
-0.075226,0.404366,2.469863,-1.230106,0.228041,-2.211686
1.835358,-1.071368,-0.478127,-1.153331,-1.350218,4.129498
-0.567342,2.206486,0.722136,0.866943,-2.482624,-2.069029
2.662345,-0.435824,1.757095,-0.685932,-1.509289,0.998583
1.970756,-3.897097,-1.789442,-0.947842,-2.564335,4.320513
-0.032026,-2.156661,-4.305878,0.742016,2.164086,-1.573052
0.034415,1.108839,1.162907,-0.759220,0.851794,-0.244360
-1.020577,1.991801,-0.720134,-0.917861,1.963111,-0.744624
1.104796,-1.085227,-1.223902,0.197428,-0.956708,0.197573
-1.747592,1.188065,-1.050923,1.050612,0.912450,1.296890
2.329037,-3.113802,0.111915,-0.236437,-2.644226,-0.459783
2.384441,-2.033643,-1.698572,-0.672336,1.291383,-0.206724
-2.082127,2.427781,0.858367,1.569432,0.213377,-0.384296
-1.185385,0.426643,2.086337,-1.862004,-1.594542,0.133568
-1.467587,3.199564,0.653996,-1.123860,1.188179,-0.949247
-1.949999,-0.581416,2.363587,-1.325096,-2.246426,4.976709
1.669786,-2.782348,-0.819854,-3.118616,0.282965,2.570917
0.508400,-1.046356,-0.319076,3.071749,1.652291,0.650709
-3.214894,-1.312262,-0.439219,1.539041,-0.162194,-3.170020
0.121853,0.019428,-1.271750,1.037382,1.037506,1.010347
-0.713669,-0.251616,-2.535175,1.057192,2.324747,2.931760
-0.278239,-1.039556,0.511639,-0.633255,-1.568523,1.140537
-3.600142,1.386905,-0.168235,2.382466,0.889155,-5.323940
-1.171234,-1.112322,0.474457,4.110545,0.034141,1.981083
1.651073,-0.691920,-0.322709,-0.820567,0.683319,1.352232
0.144922,-1.236411,-0.244825,0.965328,-1.278848,1.090975
-0.680537,0.059313,1.260873,1.605928,-2.180139,4.364662
2.057088,0.052965,-0.568585,0.044214,1.997635,-2.938636
1.052896,0.212955,1.973112,-2.001575,-0.843955,-3.071282
-0.205936,-0.081868,-2.749157,0.556372,1.407341,-2.638340
1.077995,-0.251738,0.078156,0.021009,-1.559502,1.020666
0.512236,-1.909793,-0.689203,0.839370,0.199535,-1.074932
1.204095,-0.899163,1.395929,0.039306,0.627970,1.714249
-2.881119,2.303173,0.786717,2.898255,-0.748636,0.123839
3.245124,-2.189012,-1.436508,-2.160662,-1.465263,2.717550
-0.369608,-3.448942,0.650425,0.646883,-1.634029,3.558082
-2.705398,1.680734,0.257133,-0.081590,1.286408,-0.584283
1.653319,-2.901799,-0.336146,-0.655913,-0.812767,1.066003
-0.057512,-0.407998,-2.018983,-0.017588,-0.618956,0.567991
0.728167,-2.523694,-3.473426,0.053864,0.920621,-0.605256
0.579903,0.728650,1.977367,-1.739290,-1.499478,0.993132
1.253584,-0.810724,-2.681654,2.248598,0.270541,1.112924
1.614211,-0.340807,1.170306,1.100337,-1.877145,-2.997112
0.379303,0.548634,1.350851,-0.474329,-1.342434,-1.446317
0.645870,-0.494930,0.146257,-0.937652,-0.315480,0.939624
0.932103,-0.407977,-2.583637,-1.111481,1.191741,1.446957
1.466213,-0.361030,-0.942459,0.644210,-0.829670,2.429793
1.182732,-0.522850,1.910692,-1.156629,-2.503240,1.091988
0.145714,4.352526,-2.646524,-0.537950,0.799809,-2.750275
-0.206705,0.543372,-0.327677,-1.466598,1.269385,-0.388557
0.047548,-0.124584,-1.584634,0.191369,0.445782,2.058458
-1.413804,3.909763,-0.648174,-0.583377,0.959526,0.428359
0.067128,1.332185,-0.152129,-0.665236,-0.655679,-0.990127
3.334453,0.420943,-1.020951,-0.459251,1.023528,-1.567192
0.127914,1.237130,1.999598,-2.283506,-0.063624,-5.484457
-0.040301,1.339602,-1.066798,0.467282,-0.209976,-3.270074
1.725964,1.927161,1.007975,-0.329161,-1.631753,-1.251751
2.500970,-1.777777,-2.142366,0.260988,-1.018847,-0.939160
-1.682977,-1.078181,0.298151,-1.347565,-0.613523,0.085407
-0.831560,2.144180,1.789915,-0.859525,-2.280626,0.255396
-1.024857,2.267096,1.118523,-1.959675,1.037033,2.777539
-1.683087,1.166492,-0.173112,2.028294,0.578451,3.098336
0.248231,-2.039651,3.312220,0.294508,-3.919394,-0.676525
-2.368177,1.007568,-1.961749,0.330001,2.218876,-2.943600
2.155886,3.000032,1.451264,0.482679,-0.526368,-4.194294
-2.290323,2.841477,-0.501416,-0.086545,0.560343,1.490590
-3.076736,2.253099,-0.127589,0.532560,1.031903,1.153299
1.194781,-1.326493,1.716689,-1.413544,-0.272417,-0.344860
1.959101,-0.432558,-1.227199,-0.039729,0.418067,-1.313392
-3.548117,-0.869099,0.733713,0.299184,-3.420086,-0.747539
-0.740774,1.589065,-3.524688,2.978475,1.350599,-0.009587
3.869842,-0.883079,-3.660568,0.031058,1.064905,-1.692665
1.687935,0.386251,1.025553,-2.759537,-2.177888,-1.239854
-1.369162,1.225869,-1.208829,-1.961353,2.096080,0.283755
0.566203,-0.184200,2.747024,2.616817,-1.664545,-0.223213
-0.929961,-0.513372,-0.590295,2.751259,-0.113512,1.420332
-3.690306,-0.740203,-1.999043,1.370193,0.803624,0.314922
-2.135461,2.917808,-0.363918,0.394249,0.768066,-1.647793
-0.103128,1.048914,-1.417044,2.311802,1.901729,-1.130189
-3.267227,-0.223456,0.692616,-1.830205,-0.313125,4.427496
1.080985,0.784664,0.846871,0.718844,-0.157308,-1.844457
1.865183,-1.428991,1.231018,-1.346954,-2.455636,0.958946
-0.111150,-1.424643,-1.917607,0.168314,-1.400847,1.034413
1.123966,-0.027359,-2.282983,-0.782342,-0.176174,-1.679464
-1.506636,3.071088,-0.597288,0.145129,1.237164,0.711729
-2.055735,0.263949,2.552004,-2.420671,-0.831741,1.298214
-2.632149,-1.722665,-0.850833,-0.362216,0.569790,3.970890
-1.373655,1.168354,-1.991904,-2.411210,1.124939,1.548303
0.459418,0.097397,1.170653,-0.045151,-1.195118,0.456970
1.064278,-0.956524,0.860300,0.167232,0.499326,-2.750625
-2.529294,0.585314,-0.960062,1.560999,-0.010690,-0.400578
1.261782,-1.455544,-0.576182,0.863467,-1.092989,-0.578383
1.258789,1.537839,0.935665,-3.278512,-1.639767,0.152810
-0.768486,1.015515,-2.439408,2.079964,2.193647,-0.023755
-1.428039,-1.135040,1.587234,-2.200806,1.080867,1.797012
2.834533,-3.511650,-0.692603,0.737131,-0.821340,0.226836
3.995475,-3.170438,-0.276921,-1.331581,0.260899,-1.440844
0.914206,1.427113,-1.291933,1.509000,0.557819,-1.382153
-1.563000,-1.888405,-1.891088,1.213293,1.742554,-0.359355
0.278502,-2.799294,-0.862012,2.890407,0.911761,1.263141
-0.351584,-0.736220,-0.711678,3.152868,-0.282959,-0.608037
1.660143,2.846396,-2.302603,-0.448574,-0.508243,-1.194502
2.036163,-0.914722,0.337139,2.218152,-1.255641,-1.729150
-0.685472,-1.337732,-2.165168,3.395482,1.516577,-0.384064
-2.023365,-1.956160,-3.225820,0.448936,2.600070,0.907281
-1.331708,1.953436,0.159476,0.294494,-0.128512,1.231879
-3.778670,1.110932,-0.816283,3.246565,0.436532,1.260490
-2.284004,0.481479,0.027014,3.124736,0.702090,-1.927772
1.619154,2.450993,-1.193974,0.028216,-0.356231,-1.921062
1.406690,-1.150971,-2.136033,-1.400589,1.937904,3.168645
-0.675992,2.761477,2.933797,-0.486565,-1.488061,-0.566149
-0.291926,0.945138,0.916304,1.444812,0.921589,-4.067595
-2.204411,1.691756,-1.342429,0.855021,0.608277,-1.737928
-0.659611,-1.096638,0.275724,-1.011644,-0.262610,0.562489
-1.079745,-0.831762,-1.493049,0.922929,1.312684,-1.410101
0.157091,2.058563,0.355035,-1.388098,-0.530085,1.132034
-2.810978,1.494297,0.818565,-2.810353,0.948285,1.340793
0.951727,-2.791035,0.742739,0.111795,-0.260816,0.379135
-1.930624,-0.846689,1.658117,0.147409,-0.055376,0.519295
-2.938697,4.802458,-0.562641,0.966112,-0.016367,-1.926509
0.960561,0.939488,-1.895255,1.884393,1.013094,-0.785603
-2.326305,-0.195504,0.949824,1.955589,0.186683,-0.330542
1.221204,-2.603771,-0.955079,-0.788630,2.874990,2.562269
1.777595,0.590219,1.858611,-2.031488,-1.758979,0.698794
1.688526,-3.382576,0.430476,-0.205348,-1.168882,-1.148851
0.679779,0.650722,1.402699,-1.513374,0.714389,-0.841284
2.013441,0.848287,-0.115562,-1.054531,1.140672,-0.339786
1.048979,0.106771,1.119566,0.997019,-0.063380,-1.626773
1.949952,-1.533250,-1.130656,1.339625,0.276295,3.903766
2.238407,-0.452826,0.384691,-0.202924,-0.876368,-1.447243
2.675393,2.016868,1.028781,-1.862771,-1.561113,-3.298906
-0.233560,-1.486248,-1.602766,-0.119499,0.822893,0.661889
-2.748067,-0.323519,-0.097441,0.230931,-1.600702,1.408824
0.348051,-0.943495,-0.499833,1.604491,-1.019051,-1.132626
1.316780,-0.559160,-0.910449,0.024427,0.749630,-1.969581
0.797541,0.330332,1.094465,0.994250,-3.085263,1.774934
0.595598,-0.780525,0.973472,-0.851127,-1.228395,5.083110
0.682576,2.937037,1.217588,-0.515456,0.114783,-2.529545
1.609701,1.008366,-2.700004,4.936297,0.092675,2.579454
0.456639,2.572471,0.201619,0.054928,-0.529365,0.774546
0.400205,0.134599,0.245577,-1.632411,0.067356,-1.845531
-1.077775,1.043912,0.543851,0.194349,1.676746,0.167584
-1.098756,1.162582,-1.394007,1.334441,1.078367,-0.331131
-1.605346,0.063012,-0.845116,1.222036,1.262529,0.553252
0.924216,-1.232975,1.819609,1.346009,1.125968,-2.361902
-0.562803,-1.660027,-0.945922,3.886113,1.282245,-3.200257
0.244945,-0.590074,-0.171325,2.562891,-1.002748,0.553472
-0.771606,-1.774017,1.806326,-1.579494,0.627155,2.843229
-4.128872,2.545258,-0.462774,0.243154,1.437997,-0.589923
-2.490023,-0.977582,-2.317661,1.544401,-0.614121,1.755631
-0.115214,2.607769,2.873974,-5.091265,-1.158452,3.648156
-0.752663,3.771924,2.278448,-1.029742,1.145914,-3.487970
-1.825377,0.508566,-2.603478,1.131673,0.030531,-3.094540
-1.755230,0.575904,1.594935,-2.617845,-0.490075,1.418774
-0.743507,-0.150718,1.837627,-0.334299,-0.529494,-0.307708
-1.417845,-2.237671,1.278267,-0.976111,-0.881453,0.917628
-0.419715,1.968700,0.219473,-1.835107,-0.060186,-0.006404
-0.220287,-1.198837,0.757876,-1.879268,-0.027480,1.921594
2.381160,-2.540921,-1.084134,2.085336,-1.377632,-1.153955
1.348209,-0.509198,-1.987237,0.774191,1.851104,-0.474023
0.129799,0.187502,1.194852,-1.729433,0.307685,-3.168897
1.450711,2.478308,-1.231439,0.908424,0.826330,-1.045472
1.784485,-1.192611,0.541220,0.713331,0.484315,0.885564
-0.930429,-0.901215,-0.383916,1.563602,-0.065694,-1.465493
2.214701,0.582925,2.597774,-0.533678,-1.657520,1.308962
-2.535569,1.126386,2.936600,0.548680,-1.749998,1.767949
0.447511,-0.892192,0.758191,-1.910502,0.944055,1.246867
-2.061674,-0.853092,-0.306798,0.659100,0.193259,-1.878482
4.480056,-1.420801,0.152269,-0.194038,-2.425077,0.049508
3.331784,-1.334272,-0.651676,-1.042580,0.888430,-2.203913
0.845863,1.504902,0.948824,0.201037,0.624039,-2.835720
0.747793,-4.024966,0.278712,1.705410,-0.230772,-0.162606
-0.703676,1.775687,-1.633331,1.119998,1.749880,-0.961639
0.700135,0.386139,0.548728,-1.557631,-0.638543,2.408530
-4.187349,1.063913,-0.509044,0.743358,0.915199,-0.041417
1.777404,0.034416,-2.344434,-1.138546,-0.730370,1.548386
-1.746813,0.312195,-3.413160,0.298806,2.398797,-0.858545
-1.720305,0.936415,-2.997757,1.031990,1.203230,-4.651071
-2.563763,3.367801,1.602968,-0.090168,-0.680340,-1.970449
