0.904502,0.326833,1.024741,0.965123
0.806007,0.212568,0.635682,0.898777
0.937408,0.882611,0.572444,0.876219
1.093074,0.983460,0.883039,0.778101
0.967936,0.671388,0.805567,0.958167
0.949551,0.380020,0.705696,0.753044
0.850759,0.804400,1.144809,0.986431
0.865664,1.048568,1.193802,1.302489
0.665094,0.700688,0.871829,0.543345
1.349225,1.035488,1.354303,1.253008
0.705742,0.988096,0.510755,1.248397
0.851809,1.113024,0.833988,0.856666
0.854930,0.998455,0.693319,0.271809
1.057610,0.753515,0.230619,0.608233
0.883157,1.201520,0.817478,1.231381
1.195223,0.818122,0.808835,0.838499
0.788415,0.835077,1.280253,0.526427
1.031159,0.580921,1.062906,0.722230
0.638097,0.548756,0.426103,0.985545
1.111601,0.392239,1.192136,0.799929
0.567193,0.189776,1.099315,0.661326
0.688329,0.669052,0.764118,0.479441
0.753986,0.036157,0.522267,0.472685
0.529996,0.115876,0.145241,0.156350
0.383700,0.604958,0.297230,0.893505
0.400517,0.226203,0.740766,0.317445
0.124764,0.153882,0.681118,0.480890
0.260980,0.473541,0.749358,0.742780
0.098930,0.067933,-0.240363,0.205785
0.558133,0.812233,-0.220116,-0.013717
-0.351496,0.431737,-0.195461,-0.116608
-0.532694,-0.164982,-0.786427,-0.263154
-0.568652,0.564112,-0.428296,-0.796356
-0.083785,0.302585,-0.611328,-0.469739
-0.751561,0.379167,-0.699295,-0.913196
-0.419557,0.619214,-1.166391,-0.331676
-0.396295,0.737629,-0.521540,-0.815005
-1.036063,0.985570,-0.987874,-0.767716
-0.843848,0.638413,-1.207116,-0.771154
-0.628822,0.378428,-1.714929,-0.930922
-0.998085,0.743016,-0.833768,-0.649506
-0.956978,0.705884,-0.288923,-0.963070
-1.080150,1.281277,-0.363591,-0.600580
-1.200823,0.898580,-1.043274,-1.309939
-1.128119,0.917416,-1.087930,-0.869353
-1.235637,1.034102,-0.752137,-0.311090
-0.992902,0.724598,-1.212817,-1.213400
-1.115428,0.804949,-0.769155,-1.063016
-0.931865,1.229948,-0.647413,-0.723065
-1.305751,0.807757,-0.564135,-0.878340
-0.893826,0.708673,-0.888388,-0.753152
-0.796518,0.926068,-0.922504,-0.714646
-1.340391,0.932379,-1.105242,-0.651431
-0.789763,0.858312,-1.027646,-0.446671
-0.678945,1.030606,-0.895290,-0.704401
-1.119925,0.589372,-0.679877,-0.862464
-0.518545,0.127853,-0.496532,-0.568835
-0.687131,0.688078,-0.947527,-0.136608
-0.801207,0.315813,-0.169778,-0.657375
-0.231458,0.006895,-0.299881,-0.510902
-0.444697,0.449367,-0.536307,-0.197773
-0.368816,0.222756,-0.599090,-0.411041
-0.273223,0.092521,-1.099365,-1.023894
-0.492916,0.428823,-0.038778,-0.049765
-0.057673,0.144237,0.129636,-0.252016
-0.094711,0.400368,0.102536,0.159774
-0.009896,0.239364,0.032446,0.111943
0.107097,0.346475,0.438766,0.341135
0.167406,0.582896,-0.159308,0.522291
0.627967,0.257292,0.213166,0.241236
0.953469,0.183738,0.916586,0.832239
0.713322,0.830508,0.183766,0.482189
0.521901,0.233446,0.770478,0.904054
0.695233,0.528547,0.289814,0.881399
0.846043,0.100615,0.710107,0.289547
0.971616,0.160708,0.832568,1.169055
1.369686,1.060975,0.327610,0.651360
0.945821,0.550162,1.131020,1.024016
0.965025,0.789391,0.608741,0.939305
0.858349,0.623133,0.580722,1.375253
0.974657,0.984147,0.907535,0.780325
0.959885,1.112932,1.236661,0.787275
1.141407,1.169496,0.609050,0.907971
1.153251,0.879900,0.878650,0.769193
0.842533,0.929574,1.042031,1.153368
0.722457,1.056129,1.097602,0.404777
0.590557,0.800960,0.909215,0.540178
1.089477,1.246436,0.778430,0.568198
0.714156,0.974655,0.587734,1.121104
0.557707,0.991427,0.914937,1.402277
0.993092,0.833636,0.498235,0.788542
1.446836,0.845229,-0.028786,0.796973
0.876242,0.747076,0.920630,0.810678
1.042146,0.385414,1.058483,1.135866
0.708404,0.486758,-0.065272,0.365402
0.585604,0.382748,0.268916,0.643346
0.837741,0.173360,0.798152,0.904965
0.495661,0.326968,1.144854,0.677933
0.693140,0.664987,0.606820,0.657457
0.473303,0.280183,0.179639,0.698354
-0.112563,0.262209,-0.033815,-0.789916
0.417375,0.636741,0.629701,0.420601
0.193096,0.441280,0.032347,0.029914
-0.195181,0.855377,-0.283776,-0.593208
-0.239247,0.146132,-0.484643,-0.186459
-0.485970,-0.251670,-0.587599,0.110497
-0.097413,0.308021,-0.066067,-0.144102
-0.553321,0.247159,-0.038277,-0.239819
-0.321817,0.580100,-0.417880,-0.031121
-0.528669,0.571963,-0.662885,-0.192705
-0.907980,0.481114,-0.897410,-0.317877
-0.646001,0.240071,-1.205734,-0.514139
-0.695206,0.217162,-0.606490,-0.848793
-0.705208,0.156598,-0.765744,-1.222983
-0.935357,0.580999,-0.892366,-0.912041
-1.233030,0.780007,0.089179,-1.121727
-1.116360,1.247508,-0.720532,-0.158875
-1.060822,0.955910,-1.145977,-0.973205
-1.084661,0.628886,-0.988863,-0.823994
-1.002174,1.042202,-0.518370,-0.697458
-0.915285,1.237434,-0.795137,-0.816038
-0.891027,0.876238,-1.360165,-0.420166
-0.928166,0.969350,-0.543043,-1.005606
-0.902042,0.934805,-1.111641,-0.852816
-0.974285,0.825034,-0.325611,-1.110342
-1.273106,1.088409,-0.466084,-1.186105
-1.168272,0.746424,-1.013459,-1.062793
-1.006098,0.864265,-0.491443,-0.886859
-1.159550,0.534781,-0.801343,-0.950490
-0.811279,0.542391,-0.577171,-1.040729
-0.616476,0.567246,-0.680396,-1.247712
-0.522414,0.369508,-0.956729,-0.727753
-0.761180,0.523163,-0.858013,-1.116364
-0.441426,0.439995,-0.372792,-0.453763
-0.476906,0.055873,-0.586794,-0.461629
-0.619494,0.764184,-0.647278,-0.963449
-0.624987,-0.123094,-0.769057,-0.575283
-0.347577,-0.250620,-0.156141,-0.508868
-0.168651,-0.082869,0.527867,0.004862
-0.230055,0.350502,-0.581380,0.141015
0.071307,0.088917,0.046448,-0.523370
0.236018,0.850074,0.656931,0.267772
0.141747,-0.031358,0.030441,0.006293
0.711746,0.181319,0.592617,0.658307
0.725145,0.545524,0.192801,0.575478
0.285305,0.830453,0.680689,0.326606
0.121195,0.550513,0.538038,0.498465
0.843700,0.493276,0.910527,0.376000
0.591894,0.649675,1.136340,1.102926
0.842902,0.630523,1.574717,0.804241
