-0.057229,0.531594,-1.067067,1.663363,3.891519,-1.409366,0.227680,0.428893,-0.895545,1.479765,-0.696100,-1.992162,0.822837,1.791815,-1.335374,-1.555470,1.243701,-0.055366,-1.117498,4.450025,1.848152,-2.760813,-2.099587,-1.395501,-1.303782,2.679822,0.035657,1.431494,-0.065395,1.933702,4.538493,-1.073251,0.354121,1.256352,0.928641,1.735096,-0.411659,-0.150132,0.775339,0.514661,1.124605,2.329190,0.447530,3.127983,2.325320,0.338280,0.988090,-0.085177,2.879993,-0.780322,-0.884625,0.712300,-0.424333,0.915030,-0.628813,0.383124,-2.313272,2.340845,0.588697,4.197108,-0.445466,1.181827,0.961289,3.353429,0.528638,0.304168,0.173980,0.223486,-1.119999,-0.249312,1.882994,-2.463675,-1.170302,0.886413,1.186351,-3.511890,-0.579565,1.290784,1.719013,0.055888,-0.122988,2.526014,-2.378735,-3.981340,2.042713,-0.932434,-2.265832,1.745073,1.182027,-0.481333,-3.516247,0.456649,0.887618,-0.019353,3.770836,-2.620479,-4.021790,-1.409730,-1.930478,-0.477041,-1.175836,0.018309,-1.853298,3.456091,-1.468896,1.433643,0.787731,0.400278,-0.551755,0.950506,1.401543,2.330956,2.168140,1.160972,1.143268,0.944492,-0.997502,3.436775,-0.520965,-1.982806,0.398959,-0.595982,1.655180,-0.649401,1.590156,-4.009216,-0.697242,-3.324491,-1.239725,2.171917,1.144828,-1.027108,-1.505317,-0.187422,0.557638,-1.094471,3.944034,3.516433,-0.137492,-1.352996,0.344794,-2.691211,0.224942,-1.008650,-1.592951,0.080663,1.229722,1.610064,-0.299268,0.806142,1.289559,1.272666,0.599660,-1.216553,0.987863,0.061025,0.537433,1.664562,2.884610,-1.881012,3.103741,-0.094438,3.693311,0.740859,2.886448,-0.878650,0.122397,-0.134691,1.044497,1.090323,2.141378,1.309479,0.737119,2.807808,1.963821,1.403596,1.756332,-0.314859,0.843963,-3.421139,-1.332269,-3.632089,0.296595,0.008254,0.232430,2.572024,-0.684680,-2.639265,0.423901,1.593780,3.190048,0.125578,0.151367,-0.058211,-0.417204,1.996051,1.463487,-0.796493,2.176843,1.510567
1.722749,3.484670,-1.572246,0.589132,0.810528,-2.070118,0.298611,-0.882153,0.372839,-2.345497,3.133697,-1.796104,-0.579002,-2.051554,-0.864536,-0.106311,0.390317,3.355466,-3.930057,-0.635730,0.840399,-4.561515,-2.305912,1.525530,1.911026,-1.884651,-0.650404,1.849242,5.942153,2.518746,-0.689056,-2.657185,-2.392046,1.423429,-2.632329,-1.409169,-1.594303,-2.715560,1.963509,1.883289,-0.940852,4.363039,-0.957590,-1.514879,3.296581,1.430433,-0.446502,-1.881523,-0.421209,-1.605270,2.013152,2.289258,-2.213668,-1.012388,-1.790773,-1.144298,-0.898233,-0.323462,-2.246482,0.798663,0.110211,-0.492567,-0.992227,-2.722303,-1.160378,2.040864,2.494377,-1.159240,-0.391477,2.579339,-1.716550,0.823297,-1.718611,0.210419,-0.699587,-2.069691,-1.458355,0.342616,-1.164400,-2.523093,1.667090,-4.703108,1.908129,-1.855974,-1.039953,0.433397,0.412592,-1.042852,2.395320,-0.791466,0.525364,-1.600163,0.743773,2.301406,-4.657652,-1.124543,1.015908,-0.876405,1.554589,-1.943668,-1.119285,-3.064074,0.696347,-0.561273,0.625217,1.811497,-0.464581,0.132392,0.900150,-0.455687,-1.774250,3.257628,1.307546,-1.466200,3.582733,-0.583189,-2.195857,-0.517528,-3.898134,1.887027,1.315256,1.944350,0.470507,-0.230096,1.316483,-3.800247,-1.903938,2.651442,-3.064903,1.110924,0.696517,-0.410456,2.232658,3.378739,0.573716,2.587009,-1.316110,-2.146265,1.023278,-2.986478,0.076347,-1.936034,1.281991,0.063933,-1.042821,-0.021259,-0.600483,-0.312013,-0.253045,0.436169,1.608364,-1.691622,1.161208,1.973971,-0.117829,1.941386,-1.541343,-2.145168,-2.965629,2.629923,-0.715903,-1.412231,0.989278,-1.155507,3.511171,1.419860,0.104311,1.804437,0.030637,2.694399,-2.960976,1.133436,5.609574,0.503467,2.048062,0.252358,-0.342386,-0.256136,-0.213422,4.029399,-3.366770,1.804918,-1.514161,0.179412,-2.353290,-2.502426,3.116708,0.271677,0.351701,-2.338271,-1.642310,3.972365,-1.649332,-2.365744,-0.757340,-1.074323,-4.504203,2.833784,-0.706465,0.742651
3.621988,-0.054652,-0.124893,-3.882095,-0.025634,2.710788,1.186947,-1.461760,-0.284273,0.162221,-1.685087,7.633354,-4.183246,-0.495491,2.442992,3.368595,0.082409,-2.220759,-0.223364,-3.698717,0.061712,1.756893,2.394355,2.419114,-1.499236,-3.029329,3.654406,1.628128,-3.297985,-3.991292,-3.849882,1.471036,0.925645,-4.820536,-3.484916,-1.941679,-2.813363,0.516495,-1.285561,-1.926567,-1.140139,-1.324079,-2.884787,-2.843344,-4.576315,-0.137248,-0.170963,2.470671,-3.377339,1.362644,-2.425202,5.617110,-3.205290,-2.536249,-2.136177,1.903406,1.255075,2.440329,-1.005240,-7.036548,1.497294,-1.363737,-3.467348,-3.307149,-0.690266,-1.303225,-5.664463,0.473029,0.577532,-2.704796,-2.897528,-1.155953,-0.625189,2.563248,-4.708692,6.793373,0.505137,0.678217,-3.241799,0.419463,0.151856,-3.548724,0.071655,3.738887,0.079959,-1.350131,0.220544,0.794146,-1.278810,1.500437,2.457032,-4.023048,-1.461607,0.123939,-2.203616,2.227683,5.744839,4.622364,-2.556259,1.535735,0.412211,2.441519,1.992214,-1.184853,-2.797700,-1.899372,0.817585,-3.902778,-2.518402,1.110040,3.386629,-7.771018,2.322752,0.623108,-2.316377,-7.179500,0.828743,-3.614216,-0.213150,2.501626,-1.381075,0.517892,-2.771176,1.346744,0.549318,4.444810,2.789794,4.284801,4.176855,0.094583,-2.242426,-3.108584,0.295255,2.514151,2.157683,-0.059043,-1.078977,-2.029793,-1.210574,2.553261,-1.031083,6.309756,1.884619,-0.224152,3.479400,0.111834,-2.655117,-2.583796,1.511448,-4.180032,-1.329403,-0.476347,-1.063420,-1.221216,-2.410859,-2.852460,0.540565,0.712365,0.697196,-2.697916,-1.296261,1.331206,-0.994592,0.202993,-3.990279,-3.049277,0.626990,-0.091369,1.197636,-4.883097,0.270547,-0.090364,-1.363938,-6.302173,-4.050209,-0.434405,0.596766,0.343521,-3.503853,-1.609405,2.819436,5.682255,-0.179505,-5.863980,1.771281,-4.865018,-1.883468,4.174787,0.200816,-4.339180,-2.665696,-0.310672,-0.527497,2.704359,2.289402,-0.157498,0.482086,4.966067,-2.552189,0.295021
2.479690,-0.296433,-0.995162,-2.427008,2.187693,2.225412,0.888534,-0.770471,0.251497,0.811180,-2.990291,5.630649,-0.109898,0.140543,1.752249,2.060974,0.465126,-0.870233,-0.531242,-1.667394,-0.466164,2.430953,1.762854,1.358616,-2.278288,-0.486356,1.342407,0.869710,-5.809936,-3.200497,-1.027174,2.023783,0.851927,-3.533636,-1.989159,0.618072,-1.725401,0.847869,-2.050773,-1.139858,-0.359086,-1.262246,-2.301083,-0.601746,-3.890958,-0.913538,0.558500,3.115001,-1.389048,1.093115,-2.031973,2.991358,-1.613977,-2.134903,-1.610687,2.268197,-0.936870,2.005892,-1.313137,-3.107600,1.329813,0.012237,-1.529567,-1.294787,-1.188145,-1.470315,-5.195132,0.813295,-0.359858,-2.601872,-1.792860,-1.792789,-0.851655,0.848745,-0.962574,4.995334,-0.182015,0.195130,-1.564079,0.892593,-1.142851,-0.175763,-1.044278,2.375349,1.702763,-1.473998,0.790357,2.203406,-1.250214,0.790952,0.774242,-2.325876,-1.114602,-1.425713,1.809315,1.213434,3.410491,3.407100,-1.811611,1.239226,0.180035,2.255864,-0.385713,0.394099,-3.171847,0.054610,0.252134,-1.368490,-2.226596,1.275448,2.152457,-7.225161,2.027966,2.076761,-2.328426,-4.290601,0.487774,-0.936935,0.741888,2.021016,-0.701409,-3.403630,-1.530888,0.766515,-0.394735,4.095425,2.406097,1.851960,2.690843,0.562766,-1.268252,-2.704046,-0.059448,0.880216,2.296053,-0.016627,0.920144,-0.271229,-2.294391,2.228646,0.629855,4.387591,2.010781,-1.247184,1.281254,1.279559,-0.393687,-1.358905,0.644173,-3.887750,-1.360414,0.803455,-1.476584,-1.878566,-1.952029,-2.656230,1.633004,1.141160,3.486029,-3.601773,-1.364911,0.968291,-0.220588,-0.624782,-3.084736,-2.215660,0.511347,-1.477133,0.663928,-3.964281,0.711797,-0.799579,-1.236403,-5.207060,-4.933238,0.084012,2.845116,0.295429,-2.597171,-2.646892,3.381635,2.271694,-0.003673,-4.190652,2.273317,-0.656289,-2.322433,2.245066,1.553452,-2.859435,-1.232366,-0.960439,0.652604,3.237001,1.697207,1.541132,1.975870,3.869234,-1.512428,0.745415
-0.068092,1.348071,3.624848,-0.663110,-4.330588,0.242455,2.843650,-1.677958,1.410994,0.792828,-2.124646,3.509432,-7.229731,-3.249615,0.810105,-0.901208,1.314767,-3.341141,-0.676469,-2.194225,3.018993,-0.229018,3.991434,1.519795,-2.708967,-1.765054,1.979311,-0.315493,-1.392961,-3.112744,-3.166188,2.357034,2.802314,-5.593396,1.759805,-5.967373,-1.739601,1.389161,-0.848212,-1.828212,-1.294239,-1.530652,-2.559020,-0.782378,-1.629084,-2.076328,2.105240,0.751709,-1.543222,2.606782,-2.339784,0.504762,-0.249190,-0.510392,-1.459101,1.644148,3.073450,-0.724035,-0.094084,-3.816641,-0.095604,1.103235,0.418423,-1.594229,2.465352,-0.918082,-1.394655,-0.955563,-0.326453,-1.308236,-0.385317,1.842758,-1.687452,4.476351,-3.871224,1.683269,2.107256,1.603258,-1.018219,1.346347,0.686413,-3.906049,1.674600,2.347721,0.974834,-0.290655,-0.139938,0.115713,-0.801641,-0.939274,0.550404,-1.440686,-0.560790,-0.871795,-2.745758,2.732068,-0.270230,-0.712529,-2.032777,-0.978683,1.169257,3.607639,3.068883,-1.442089,-1.575127,-3.648377,-0.185009,-2.348732,-0.379438,-1.252285,0.546070,-1.231485,0.542371,1.111539,1.179363,-4.430909,0.590924,-3.136021,0.139632,0.875883,-0.022439,1.092684,0.681405,2.560875,3.639112,3.158209,1.938426,3.677280,7.344923,-1.880226,-2.607680,-2.417585,-2.442492,0.367345,-1.677943,2.142321,-1.658173,1.711630,1.001536,0.018705,-2.457227,4.709114,-0.333107,2.638711,3.810499,-0.671660,-4.790210,1.047072,0.305496,0.416563,-3.604146,-1.884179,0.026184,-0.289107,-2.281932,0.121754,-1.526268,-0.326275,-0.225620,0.165586,-0.942403,-1.267541,-4.338440,2.408700,-2.543225,-2.054794,3.343162,0.570222,3.586415,-1.775264,2.886301,2.886384,-0.572792,-2.272357,-2.129026,2.329171,-0.452338,0.607402,-0.821775,-2.086157,-1.115041,0.122153,-1.932774,-0.783945,2.948434,-2.271419,3.146061,-0.195955,-2.971898,-1.838629,-1.504458,0.677651,-3.279321,0.059739,-0.437159,0.535811,-0.231618,0.800492,-3.069602,-2.403934
1.119912,0.399462,0.782084,-1.677601,0.089711,1.601664,1.219796,0.268388,-0.368089,1.237855,-2.708341,1.690819,-0.213144,-1.670818,0.647353,1.311636,-1.304970,-0.845142,-0.945383,-0.261899,1.238410,1.807982,2.212459,-0.881336,-3.345349,-1.431095,0.045855,-0.350434,-3.279239,-1.584146,-1.848022,0.831038,2.812723,-1.911151,-0.105175,0.684732,0.377513,1.189675,-2.221579,-0.814396,0.247999,-1.126935,-1.370850,0.195369,-2.949785,-0.918276,1.702816,0.978664,0.778413,1.230041,-1.340944,-1.283709,0.609597,-1.711496,0.721547,2.631771,1.283910,1.355550,-0.715840,0.157528,-0.176010,0.845920,-0.126687,0.441596,1.140852,-0.515867,-1.104711,0.743308,-0.284647,-1.873796,1.300285,-0.542111,0.128112,1.445754,-0.365941,3.457242,1.710260,-0.037047,-1.006333,1.186298,-0.570043,0.156533,-0.122068,1.688982,1.497195,0.414624,1.511718,0.733673,-0.803880,0.786685,-0.539480,0.131751,-0.918128,-1.945744,0.851733,1.857067,0.241984,0.198041,-0.827611,0.047915,0.552012,0.560184,-0.335721,-1.078948,-0.571025,0.516822,0.554753,-0.324375,-2.257415,0.686063,-0.663857,-4.315848,-0.526792,0.994162,-1.433268,-0.648781,2.092163,-0.272898,1.220926,2.228128,-0.128848,-2.032746,-0.433041,1.385115,0.564430,3.811008,0.137998,-0.138379,2.949764,-1.177611,-1.422325,-1.230339,-0.336246,-1.980039,0.224011,0.179123,0.148319,0.435218,-0.459277,1.081272,-1.099614,1.833090,-1.020100,-0.669229,-0.444967,0.246184,-1.429224,0.484713,0.890704,-0.992944,-1.933539,0.459340,-1.309047,-1.634524,-0.285929,-1.785200,-0.127053,1.463653,2.716852,-2.763966,-0.763506,0.626419,-1.546983,1.205157,-2.838343,-1.136963,1.009933,-0.108735,0.239513,-1.393634,1.500109,1.020548,-1.615058,-3.006290,-3.678671,1.319174,1.875862,-0.035870,-0.192083,-1.757863,1.911169,-1.439888,-0.451085,-0.945924,1.955841,0.392661,-0.003163,0.841509,1.146436,-0.503139,0.384453,-0.645397,-1.476699,2.527875,0.242279,0.531197,2.998763,1.934925,-1.377737,-1.838676
0.304080,1.698889,-2.052181,-1.073772,-1.716810,-0.383186,-0.391401,-0.905719,-0.014165,-3.421262,4.662801,-0.259978,0.203870,-2.929278,0.738138,0.272809,-1.590123,2.863383,-1.421668,-3.105833,-0.708461,-0.953154,-2.372696,1.557959,4.662938,-2.672316,0.114849,1.051809,6.230824,2.077276,-3.577460,-1.019182,-2.673439,1.335538,-3.349801,-2.639209,-1.066797,-1.798527,2.121263,-0.292303,-0.818314,2.110232,-0.263763,-2.587095,1.110877,1.073380,-2.365003,-2.459248,-2.250696,-1.618576,2.937670,2.377508,-1.508957,-1.078647,-1.004757,-2.298259,1.568140,-2.301546,-2.082567,-2.815338,1.038722,-0.532208,-0.205566,-3.564189,-1.691554,1.540677,1.892846,-2.980466,0.516557,1.704071,-3.293362,4.226199,-0.148356,-0.568540,-0.270290,-1.700560,-2.661597,-1.107955,-0.567530,-2.268098,2.275964,-4.630370,2.963166,0.426704,-2.682930,1.346390,1.445997,-1.831959,1.203650,0.457787,2.822159,-2.642368,-0.077281,3.028815,-5.183943,-0.244767,1.960720,-0.254076,2.998472,-0.881155,-1.367524,-4.241440,3.393844,-1.867306,1.652968,-0.279054,-3.145114,0.741279,0.916846,-0.570082,-3.010617,3.441701,-0.169108,-2.819946,2.282558,-0.225433,-2.553393,-3.014200,-2.554624,1.887570,0.517690,3.040524,-1.229424,-0.382462,1.394473,-2.400989,-0.260678,4.302184,-3.052898,1.763791,0.632732,0.499006,4.196496,3.884506,0.524118,2.040896,-4.125681,-3.923507,1.253223,-2.072867,1.152330,-0.349930,1.423310,0.546655,1.400058,-1.140412,-1.689481,-2.754512,0.633944,0.224150,0.033480,-2.361838,1.326142,3.025315,0.031967,2.630680,-2.620524,-4.533191,-5.199313,5.116291,-1.304388,-0.768110,-1.464558,-1.394342,2.536970,1.860936,-0.966364,2.045006,0.060626,2.403436,-3.874771,1.054247,4.193791,0.692084,0.793944,-2.788877,-0.576217,-0.537659,-0.605584,5.749122,-2.442839,4.942319,-0.513250,0.380946,-2.078217,-2.893804,3.295673,2.543886,-1.663369,-1.931669,-2.040699,3.310947,-1.264896,-3.855773,-0.568810,-3.248537,-6.067060,0.763069,-1.471594,-0.354323
-1.846474,-1.553430,-1.070550,0.000596,-5.622720,1.362626,-1.041826,0.744868,-0.119264,-1.549987,1.960786,2.156587,2.344506,-0.841673,2.655978,0.879579,-1.575439,-1.875096,4.930858,-4.707772,-4.381537,6.780548,0.912382,1.449718,4.035949,-2.553928,2.609642,-3.800005,-0.910846,-3.330338,-4.664845,1.689948,-0.821895,-0.017411,-1.030068,-1.521139,0.183110,-0.453185,-1.841012,-1.131232,-0.652396,-2.164043,1.561055,-4.034217,-2.804624,1.403288,-1.175699,0.792509,-4.097094,1.122572,2.130090,-0.475254,1.554920,0.918890,3.029099,-1.176410,2.824878,-4.083647,2.266283,-4.965904,-0.129247,-0.644486,0.100237,-4.662124,-1.300494,-3.378735,-0.973289,0.063491,0.673908,0.438236,-1.301554,4.082471,2.922199,-2.446144,0.449542,3.265159,-0.482270,-1.616356,-2.113131,0.478626,1.180646,1.092705,1.615962,6.480073,-2.982375,-0.145574,1.749339,-2.625037,-2.986855,-0.105880,6.635191,1.317772,0.164658,1.304375,-4.707142,2.248514,3.453441,3.216171,2.720605,2.298857,2.450726,0.710157,2.412816,-4.069863,2.349625,-5.531708,-1.539143,-0.642533,0.241703,-0.797616,-0.476384,-3.393380,-4.789088,-1.951669,-2.396792,0.760310,0.523372,-5.749713,0.630868,-0.711389,-1.536709,1.431048,-4.127052,-3.042593,-3.475398,5.864078,0.548573,3.501483,-0.958145,-0.978123,0.176617,2.645923,2.843552,-0.847240,-0.565873,-0.701972,-4.722591,-5.225435,-0.675685,3.644814,0.311349,1.063153,1.183048,0.841177,1.896326,-1.561714,0.007653,-4.828139,0.614441,-1.832084,-1.476108,1.584312,0.106638,1.595874,0.521796,-1.165287,-0.661006,-0.538604,-4.191665,2.218101,-2.418886,1.506496,-2.932544,-1.249176,-3.364418,4.241829,-1.420542,-0.851037,-1.042590,-3.228569,-2.734894,-3.560829,-3.675384,-3.660551,-1.939283,-4.378837,-1.542517,-0.058566,-0.606495,4.538259,3.105919,6.093602,2.497509,0.050715,-1.615707,-2.812869,-1.944437,6.305608,0.804478,-0.933028,-2.605477,-1.122825,3.861237,-1.687057,1.424886,-3.802832,-2.731646,-2.151939,-0.390157,0.070250
-0.317287,0.709925,0.338369,0.343628,-0.515579,0.407953,0.845067,-2.688321,0.162374,0.837895,-1.749154,4.935296,-5.225271,1.715179,0.801370,0.646669,2.749065,-3.360588,0.651336,-0.631464,0.677088,-1.450780,-0.102845,2.109461,-1.758697,0.123365,2.363281,-0.360844,-1.596906,-1.948300,-1.386047,0.071667,1.276070,-4.091888,-0.556876,-3.209479,-2.157341,0.741755,0.427045,-0.212169,-0.183870,-1.407515,-1.309837,0.087390,-0.789195,1.503591,-0.659144,4.111557,-1.518463,0.126731,-2.002361,3.980717,-2.987642,0.696293,-2.401513,1.831912,0.285436,-0.020092,1.155992,-3.340630,-0.031873,0.605746,-1.095370,-0.429830,1.018615,0.318053,-3.248094,-0.050696,0.184587,-0.924678,-2.567287,-0.343064,-1.643629,3.425656,-3.622490,1.094994,0.236911,1.661650,0.980326,0.425491,0.204358,-2.252189,-2.397084,-0.041532,1.155894,-0.693048,-2.539811,1.070102,-1.491647,-1.695552,1.072667,-2.395621,0.690273,-0.381396,-0.969384,-0.155944,1.130744,-0.144887,-2.833456,0.265294,2.492634,4.685676,2.501229,2.085636,-2.723870,-2.071125,1.226062,-3.894751,-0.650130,-0.971699,3.589393,-2.618292,1.503749,1.942886,-0.290745,-4.455177,-1.846500,-2.029443,-1.953524,-1.536640,-2.177387,0.475094,-0.036833,1.841059,3.365058,0.272824,4.039767,0.748197,3.582634,1.029945,-0.953225,-1.909404,-2.204302,2.411007,0.042661,-1.493579,1.015810,1.301384,-0.459569,2.248819,-0.161217,3.145611,0.075306,1.183743,3.354709,-1.083537,-1.690145,-0.877463,-0.155986,-1.291646,-2.716621,-0.614686,-0.263798,0.655829,-0.215462,-0.028904,0.064688,-0.247861,1.937896,-1.921458,2.054842,0.838694,-1.458524,-1.086290,0.166781,-1.744002,1.565579,-1.575966,2.049743,-3.058492,3.644748,0.697152,-1.262629,0.310090,-0.379957,0.621305,-1.045833,0.951351,-1.024998,-4.021792,-1.350751,1.061029,0.127175,-3.954656,2.303241,-2.929927,-1.118279,0.453516,-2.982988,-3.064419,0.590417,0.701488,-1.199414,1.256415,0.344585,0.909422,0.107845,0.457627,-0.922799,1.882022
3.094018,-1.153186,-2.592094,-2.588018,6.384112,1.335996,-1.366684,-0.842605,-1.604266,0.514621,-1.976295,3.783336,1.080642,3.483981,-0.848815,3.114105,1.530738,0.347988,-1.077770,1.751192,-0.206273,-0.361970,-1.009839,1.797074,-3.673472,1.356012,1.371143,3.249255,-3.013903,-0.109050,2.823358,-0.726499,-1.540835,-2.546551,-3.010966,2.845452,-1.491032,-0.256494,-0.543751,1.310707,-0.728918,1.518507,-1.717745,0.956293,-1.580305,0.928263,0.499787,2.408983,-0.470683,-0.613386,-2.368763,6.031457,-3.485549,-0.966906,-3.583697,2.810619,-4.194598,5.078694,-1.070198,-1.244412,-0.095285,-1.319652,-2.658850,-0.682209,-0.817293,0.381416,-4.726458,0.620342,-0.647083,-1.270583,-0.797393,-5.238165,-1.365788,0.612263,-1.282476,3.378417,-1.744756,1.893999,-0.452138,-1.666472,-0.880272,0.260736,-3.800758,-1.562227,1.288588,-1.067120,-0.711000,3.344458,0.267096,0.180002,-1.231045,-4.196947,-0.642468,-0.828426,3.180641,-0.727304,2.028774,2.253181,-3.182419,0.073377,0.846301,1.313671,-2.943955,3.753116,-4.587894,1.482078,1.471724,-3.157045,-2.192185,2.412836,3.208303,-5.284715,4.671194,2.556693,-2.246048,-4.948997,-2.127371,2.030920,-0.982020,0.430117,-1.044823,-2.150960,-1.080077,0.712624,-0.599839,-0.619671,0.590796,-1.658939,0.712416,3.175896,1.078462,-2.835745,-0.863829,2.565023,2.407866,-0.471448,2.497512,0.670694,-1.740030,1.685066,0.748891,2.091998,3.132944,-3.928693,-0.772936,-0.127193,2.324386,-1.498723,-0.460151,-3.023006,2.143578,1.598222,-0.386718,-1.687682,-0.648161,-1.914566,2.518695,1.971805,5.343935,-5.048039,2.226184,1.070820,5.318282,-1.246488,1.209291,-2.332064,-0.749434,-0.397509,0.011524,-2.300883,0.082238,-0.355509,1.302024,-1.348517,-0.607244,0.671561,2.332638,-0.063410,-2.330626,-3.804090,0.895614,0.620990,-1.037385,-4.501570,-0.041264,-1.297690,-2.787793,-0.250346,2.027266,-1.631832,1.079214,1.603527,0.982841,3.466001,2.227158,3.011606,1.668797,3.746368,0.011803,2.168821
-2.360586,-0.615560,1.688159,2.414645,-1.544840,-0.859208,-0.533641,1.326966,1.038984,1.533263,0.132029,-3.503679,0.919822,-0.155301,0.028147,-0.812258,-1.133987,-0.560887,1.892514,1.435328,-0.534935,1.391661,0.868619,-1.680895,0.549987,2.038528,-0.742083,-1.737880,-0.219346,0.463773,0.352885,0.677039,-0.219500,2.407268,1.839950,1.757070,1.616811,0.781461,-1.259538,-0.510331,1.317281,-2.486443,2.552127,1.127866,0.124966,-0.446621,1.287252,-1.423363,1.081178,1.287895,1.152257,-5.322522,3.536544,1.059646,3.107331,-0.697667,1.574923,-1.495645,2.200240,2.402508,-1.293329,1.023868,2.820992,1.311507,0.586725,-0.275762,2.773596,-0.262268,0.808132,2.068989,2.360513,1.285192,0.867994,-1.522447,2.819208,-1.449924,0.958520,-0.838799,0.813013,1.794836,0.066151,1.824113,1.346597,0.809072,0.587591,-0.370008,-0.190745,-1.528139,-0.364639,0.628863,-0.079031,3.210853,0.028146,-0.053270,0.917470,1.049097,-3.023527,-0.979236,1.993708,0.322740,-0.737009,-0.722181,-0.721296,-1.305450,1.852263,-0.306486,-0.612726,1.485180,2.123530,-1.130943,-2.314027,1.946245,-4.313067,-1.619689,-0.372000,4.876008,1.631667,0.965441,1.965340,-1.271812,0.343850,-0.827749,1.263405,0.176783,-1.934081,-0.291474,-1.477819,-2.136164,-0.405647,-2.159351,1.225875,3.160261,-0.727763,-2.592987,-1.164550,-0.799033,-0.778310,0.968604,0.898529,0.354651,-1.161932,-2.822901,-1.604339,1.204027,-0.554282,-1.079363,0.907651,2.060512,1.132003,1.790187,-0.212603,0.917923,-0.137933,-0.078881,0.684504,-1.295167,-0.033543,0.525385,-1.041446,2.696054,-0.708935,-0.840466,-0.059997,0.799504,-1.049899,2.047241,-0.392653,-0.748640,-1.562241,1.419436,0.114132,-0.636799,-1.510146,1.988492,-0.125122,0.321598,-0.806184,1.238839,2.197126,1.403505,0.679419,-2.387816,1.067562,3.923263,0.912188,3.599941,0.428061,-1.904319,-0.641848,3.091283,0.999156,-1.907748,0.320517,0.015635,-0.868097,-1.303172,1.339983,-4.106306,1.304441,-1.218694
-2.748866,-0.720586,3.093683,1.248534,-3.296683,0.378344,1.509091,1.329277,1.173487,1.033608,-0.666771,-2.248281,-0.709527,-1.556029,-0.389452,-2.898586,-0.290580,-1.123433,0.389728,1.162096,1.037663,1.396230,2.104924,-3.046771,-1.256904,0.350351,-1.156146,-2.758337,-0.772755,0.224693,0.335781,-0.050490,2.330814,0.864938,3.092273,-0.071166,2.439192,2.017834,-1.893361,-2.080242,-0.037077,-2.034595,1.031771,1.493929,0.299187,0.101888,2.036513,-1.092001,2.408132,1.693062,0.298394,-5.717851,4.156871,0.844413,1.901389,-1.354642,2.391741,-1.179396,0.967970,2.301516,-0.172508,0.941660,2.925141,1.528125,2.043998,-0.269351,2.327626,0.702765,1.019015,-0.753322,3.081666,0.198385,0.395294,0.707522,1.349293,-1.768999,2.449803,1.012509,0.070357,1.358032,0.270416,2.824919,1.042672,0.006672,2.092411,1.248557,1.035696,-1.649570,-0.335891,0.062484,-1.446803,3.927250,0.485424,-2.138999,2.606644,0.926565,-3.121895,-1.807538,0.193164,-0.020499,-0.810438,-0.845461,-0.744120,-0.244950,0.647142,-0.062845,0.001909,2.447232,1.324861,-1.451817,-1.690512,1.944805,-4.009410,-0.095584,0.726298,3.069223,3.170835,1.994041,2.533908,-0.174733,0.422587,-0.064499,1.422030,0.596270,-0.401468,0.870272,-1.377883,-1.617664,1.406399,-3.262351,0.377152,2.367789,-1.090826,-4.743378,-1.963678,-0.515156,-0.362372,1.930896,1.293170,-0.439101,-0.323561,-0.880940,-1.232173,1.166696,-0.694277,0.575238,-1.267033,3.126335,0.454734,2.233634,-2.236516,-0.096883,0.409339,-0.634935,0.038279,-1.124896,-1.191769,1.164688,-0.478948,0.822084,-0.588686,-1.419555,-2.213995,2.916274,-1.428347,1.303966,-0.095538,-0.806635,0.345485,2.226056,1.070676,1.091200,-2.901034,1.024702,0.742149,0.798142,-0.918376,1.184513,1.440994,-0.967739,0.403224,-5.104852,0.120342,4.366999,1.525906,3.639211,1.407505,-1.878201,-0.240578,3.265633,0.594265,-2.081681,-2.065462,0.040021,-2.156149,-0.758053,2.893937,-2.755910,1.021077,-2.682738
-0.988599,-0.602040,0.849853,-0.987455,-4.092180,0.632810,0.375885,-0.096287,0.853482,0.058938,0.918322,-0.238425,0.988218,-2.353271,1.965422,-0.553741,-1.642371,-0.280938,2.003363,-3.117047,-1.329873,5.187959,1.243939,0.394220,2.538865,-1.826081,0.417247,-2.399449,0.194662,-2.202588,-4.694852,1.263721,0.532049,1.066929,0.266608,-1.874262,1.839882,1.089768,-1.513765,-1.918442,-0.272408,-1.538453,1.388414,-1.756461,-1.731983,-0.424686,-0.621376,-0.360547,-1.481350,1.306985,1.706072,-2.403091,1.885126,-0.899937,2.454612,-1.382923,2.776623,-2.570016,0.965220,-2.638466,-0.684084,-1.153568,0.800850,-3.213397,0.265699,-1.487235,2.301066,1.047798,0.835203,0.554204,0.034704,4.549959,1.547548,-2.915273,0.021394,2.302427,0.889759,-1.302020,-2.274780,-0.084420,1.024889,-0.500704,1.558342,5.504209,-1.812968,0.861693,2.231203,-2.786274,-2.218790,-0.174554,3.207847,1.843410,-0.263346,0.251107,-2.735271,2.041623,0.225678,1.294649,3.016433,0.054324,0.046423,-1.188897,2.056213,-4.162476,2.083111,-3.855917,-1.363767,2.318964,0.976589,-1.110855,-2.304428,-0.988787,-4.712579,-1.799090,-0.774109,1.314457,1.755905,-2.822325,1.857803,0.558957,0.166147,0.866771,-2.767621,-1.144988,-2.838089,4.783401,-1.407372,2.248203,-0.638811,-2.361046,-0.726040,2.300408,1.861179,-2.650275,-0.856928,0.560914,-3.439566,-2.923890,0.269831,2.105629,0.071343,0.775394,0.178886,1.428269,0.345961,-0.314288,-1.333772,-1.432614,0.474547,-0.780567,-2.681031,-1.225760,-0.850906,1.532278,-0.622313,-0.485750,-1.214383,-1.453711,-3.184341,2.932703,-3.339212,0.446432,-4.412127,0.979667,-4.703353,1.858719,-1.018436,-0.430750,-1.239805,-0.609114,-2.058728,-1.415208,-2.251822,-2.449045,-2.664269,-2.210388,-1.699389,0.253829,0.587580,4.211377,2.122258,2.328332,1.238103,1.195281,-1.053689,-0.737153,0.799679,3.243985,-0.323481,0.419218,-2.696508,-1.012167,1.007456,-1.565621,0.969874,-2.452480,-0.202069,-1.227340,-0.656600,-2.665904
0.065822,2.097212,2.778118,-0.038214,1.245970,-0.388990,0.757502,-1.199827,-0.071808,1.362265,-2.624737,0.262773,-4.563398,-0.286096,-1.223536,-1.351692,3.012203,-0.285969,-2.609120,2.315628,2.496174,-4.379888,0.245685,-0.632413,-3.886477,1.427550,0.405958,1.400627,-0.928517,0.455980,2.176992,-0.045124,0.848924,-2.609627,1.689088,-1.171013,-1.952022,0.134594,1.425313,0.490238,0.045405,0.886974,-2.373404,1.267744,0.800386,-0.501714,2.207613,0.872355,2.152627,0.438808,-2.504150,1.816634,-0.094933,-0.545061,-1.382036,1.328996,0.266156,1.266941,-0.421995,0.667211,-0.798865,1.445017,0.623449,1.397433,0.893300,0.900828,-0.370919,0.179246,0.251215,-0.925075,1.163472,-1.973046,-2.952121,3.220983,-1.890886,-1.680897,1.789165,2.273285,0.303929,-0.013489,0.061614,-0.906955,-0.603676,-3.247115,2.748905,-0.337948,-1.312593,0.959711,1.686982,-0.747666,-3.104148,-0.829121,-0.299491,-2.077191,0.631982,-0.296503,-1.393720,-1.759409,-2.799916,-1.662747,0.298909,1.755057,1.151433,2.483051,-2.382184,0.758580,1.026474,-1.582516,-0.321002,0.075846,1.584852,1.999710,3.351058,2.174196,1.006590,-2.092003,-0.566498,1.209399,0.247433,0.373125,0.100297,-0.988599,2.989765,2.140486,3.987389,-2.863724,1.618114,-0.144716,3.350690,-0.093631,-0.135509,-2.046917,-1.910627,0.170340,0.277673,-0.796171,2.787530,3.254639,1.685761,-2.140489,-1.629696,0.796588,-2.241684,1.101233,0.072923,0.085699,-2.719812,2.305746,0.375747,1.188824,-1.281813,-0.668562,-0.007372,-0.845944,-1.538647,0.811717,-1.744903,-0.241504,2.591696,-1.313379,2.020641,-2.146882,0.072754,1.283904,2.088600,-3.538175,2.322340,0.990503,1.811551,-0.129836,4.372863,2.641856,0.490249,1.756246,0.718436,3.433946,-0.057352,0.423143,1.409115,-4.141712,-2.134424,-4.225576,-1.735941,-2.616322,2.014669,0.444834,2.438370,-3.162106,-1.526548,-1.213107,1.451358,0.860999,-3.954543,1.161672,-0.761787,2.323668,1.545854,2.527154,-0.989311,-0.320071
-0.323528,-0.055008,-2.800893,2.462922,1.697552,-0.426941,-0.211556,-3.957461,-2.505368,0.285463,1.378181,5.282806,-3.310044,7.505144,-0.743645,1.215579,5.477369,-1.774797,0.781042,1.887010,0.185252,-6.836212,-5.025969,4.264323,-0.659036,3.969772,4.084905,0.666994,0.575658,1.016380,5.002387,-1.454670,-0.962661,-4.914570,0.373285,-1.267818,-2.396345,-2.585247,4.843530,3.170469,0.847484,3.657974,-0.349247,0.764515,3.311028,1.300018,-1.451634,5.032515,-1.664945,-4.042412,-1.644174,9.279321,-6.606243,3.946018,-3.587972,2.189981,-4.283631,3.000085,2.890826,-2.925511,0.920735,-0.292122,-1.159451,-0.711805,-0.142294,0.424010,-4.453753,-2.123111,-1.169779,-1.858000,-4.063748,-3.672439,-2.252905,3.609897,-3.799126,-3.136057,-4.193062,3.813182,2.894267,-1.271952,-0.861358,-1.005532,-6.046819,-6.038859,0.585673,-3.502496,-6.372786,3.750510,0.899357,-3.844710,0.139893,-3.023357,2.526868,1.704717,-1.406979,-4.146271,1.036781,1.848684,-4.172812,1.765632,2.468160,7.098240,1.899767,5.647433,-3.388729,-2.095958,1.827969,-6.201089,-1.251344,0.622027,8.213849,0.059474,5.022287,4.148866,-0.979913,-4.488792,-7.885913,-0.392023,-3.947334,-5.715307,-2.547333,0.895979,1.804847,-1.365420,3.220918,-5.597276,4.426460,-2.120647,-0.461751,5.354245,1.108176,-4.043114,-4.149854,7.027734,2.332872,-3.699867,5.487806,0.957717,-0.371960,1.081648,0.017884,-0.132323,2.080566,-1.897199,3.473343,-2.833405,2.380055,-2.268022,-3.709854,-1.365645,2.537707,0.410103,0.616079,-0.801839,1.508530,3.318919,1.902822,-0.645492,2.150967,-3.464987,6.461994,1.379206,5.352350,-5.628814,7.356389,-2.698469,2.392726,-0.602698,3.012451,-5.527436,2.280777,0.022117,1.021067,5.290524,5.201270,0.939019,-1.048261,0.855970,-0.943619,-6.329634,-2.710187,3.304028,0.246080,-5.863043,-0.444575,-4.947913,-3.796399,-1.364846,-3.047632,-4.671051,2.331138,2.792396,1.810458,0.589700,0.588092,3.622381,-3.012273,0.137614,1.426246,6.913662
0.129210,-0.231639,0.803162,0.268506,-0.723345,1.315530,0.584178,-2.239911,-0.919614,0.926382,-1.435662,5.496852,-4.476615,2.815880,0.630015,1.360011,4.216333,-4.833502,0.814202,-0.308573,0.799008,-2.043825,-0.031963,2.181553,-3.236746,1.686104,3.292964,-0.602019,-2.972829,-1.998280,1.837822,0.688144,2.494601,-4.691295,0.966634,-2.525085,-2.332170,0.086733,1.488855,0.226905,0.408086,-0.717647,-2.244783,0.338964,-0.477367,-0.973665,-0.147594,4.658252,-1.887299,-0.707482,-2.606017,4.429739,-3.932147,1.718280,-2.447111,1.145037,-0.276317,1.442072,2.276950,-4.583825,0.154466,-0.357275,-0.638536,-0.178456,0.521657,-0.443697,-4.714974,0.310556,0.020386,-2.263246,-2.266359,-1.459319,-0.974237,3.216384,-4.462537,1.556781,-0.145894,2.534981,1.817817,-0.189929,-0.362021,-1.832372,-3.028385,-1.156374,1.199161,-2.543096,-4.118335,2.165126,-2.267709,-2.420912,0.891932,-2.073753,1.766362,-0.045113,-0.570589,0.222858,0.819457,1.059015,-4.018907,1.617937,1.469341,5.939274,2.128960,1.501412,-2.771415,-3.193556,1.307546,-4.927163,-1.047089,0.100871,5.804616,-3.439811,2.139159,4.263654,-2.010826,-3.823091,-3.058988,-1.546233,-1.417142,-2.923748,-2.557654,-0.170985,0.356033,0.610746,3.610816,0.353829,3.092426,1.285875,3.660547,1.124619,-0.920721,-2.769079,-4.051608,2.799027,0.887404,-2.356266,1.739130,1.141400,-0.166210,2.167730,-0.793517,3.174710,0.210135,0.951551,4.877051,-2.324939,-1.666041,-0.697629,-0.098711,-1.146078,-1.401958,1.055685,-0.625979,-0.670067,-0.299635,1.146605,0.408533,1.101157,2.723095,-2.267894,2.956691,0.567089,-0.580088,-2.197611,1.023252,-2.317101,2.614436,-1.681460,2.442024,-5.577488,4.872858,-0.149107,-1.362395,0.871200,0.878824,0.377482,-1.259925,0.590286,-0.807826,-5.994843,-0.523990,0.186010,0.390507,-4.566574,2.433537,-2.918679,-1.913695,0.000239,-3.087218,-2.984800,0.530819,0.390734,0.144924,2.035045,-0.837041,2.512493,-0.466929,-0.075701,-0.340567,3.316248
3.568394,1.523505,-0.709828,-2.360827,4.290093,0.893914,-0.422454,-2.108926,-0.931514,-0.508656,-0.077347,3.230744,-0.895514,0.555537,-0.717529,0.880457,0.807528,1.904400,-3.920084,0.250490,1.717984,-2.900920,-0.002821,1.625150,-1.642510,-1.613811,-0.182981,3.441100,0.564916,1.587319,-0.629075,-1.454898,-1.606146,-0.875684,-3.224004,-1.127507,-1.477992,-1.365226,1.935385,0.693011,-0.660230,1.638576,-2.876377,-0.461250,0.461726,0.454928,-0.465590,0.093429,-1.576625,-1.359228,-1.737019,4.224463,-4.199680,-2.357821,-3.630328,1.702280,-1.829972,3.012537,-2.681066,-0.448543,0.176445,-0.162708,-2.199233,-1.599028,-0.709552,0.999626,-2.269022,0.063087,-0.330161,-1.186194,-1.856669,-2.354674,-2.386490,3.167091,-1.148967,1.638651,-1.457317,1.153214,-1.628121,-2.118441,0.632114,-2.685642,0.259307,-2.466295,1.414580,-0.090372,-0.071604,1.859301,2.011263,1.525524,-1.857537,-2.939864,-1.914232,0.315762,-0.646160,-0.573974,2.426932,0.614466,-1.673642,-1.804586,0.221334,-0.399118,0.388033,1.521533,-2.603048,2.417798,0.434948,-1.695613,-2.556458,1.424656,0.291218,-1.096783,4.691958,0.725852,1.591563,-4.101027,-1.171163,0.250407,-1.350114,2.781507,0.068988,-0.365949,0.617139,1.244978,1.208307,-1.846237,-0.167435,2.115208,0.217897,2.417250,0.120003,-3.828326,1.010151,3.515236,1.766862,2.089180,1.519257,0.149349,-0.575978,-2.404668,0.357856,2.263144,1.749633,-3.160939,0.316720,1.345989,-0.833089,0.227072,0.234232,-0.837754,1.072797,-0.623610,1.139203,0.342483,-1.343072,-0.287107,0.217508,-0.669357,2.127468,-2.457458,0.157993,-0.974838,2.801716,-1.014651,1.692064,-3.251120,1.548131,0.155015,0.867417,-0.367294,-1.037097,2.775591,3.180866,-1.328128,-0.798633,2.174322,1.804295,-1.278201,-1.382821,-0.683803,-2.519777,1.339115,-1.423598,-3.447011,-0.182150,-3.859196,1.768158,-0.549755,-0.216767,-4.041931,-0.436600,2.067251,-1.499400,1.582841,1.377863,1.823013,-1.678266,5.237989,-2.674718,0.124527
1.067853,1.594885,-1.441526,-0.604808,0.439690,0.571739,-0.458894,-0.718841,0.030219,-2.459343,3.104583,-0.918325,0.462060,-1.548761,0.287364,0.010622,-1.477480,3.156756,-2.153347,-1.103165,-0.169490,-2.216271,-1.073025,0.325139,2.475857,-2.400980,-0.115550,1.376768,4.300705,1.568706,-1.570074,-1.764349,-1.609058,1.131241,-2.848142,-0.512962,-0.773322,-1.570597,0.469487,0.335969,-0.534306,1.816949,0.295180,-1.341561,0.958510,0.255040,-0.909689,-1.206780,-1.011309,-1.266469,0.912438,0.373041,-0.496964,-0.713878,-0.340616,-0.928239,0.134083,-1.095262,-1.099007,-0.284458,0.187174,-0.337332,-0.292753,-1.510522,-1.027055,1.064221,2.259660,-0.226069,0.509872,1.226746,-0.973414,1.048617,-0.368737,-0.650747,0.027100,-2.470121,-1.508158,-1.070153,-0.318790,-1.185712,0.519681,-2.197340,1.107994,0.305806,-0.960575,1.512266,0.466829,-0.856051,0.756457,1.097703,1.357320,-1.085255,-0.263999,1.906935,-2.120958,-0.652164,1.631042,-0.643645,0.907622,-1.422955,-0.209335,-2.747056,0.534933,-0.987857,0.625403,1.065285,-1.558284,1.364239,-0.213673,0.216975,-2.442919,1.977029,1.212272,-1.559615,1.206310,0.210695,-1.512346,-1.137982,-1.126404,2.256280,0.566496,1.117546,-0.290009,-0.038860,-1.427487,-0.907012,-1.102500,2.367112,-2.692678,-0.901015,0.605206,0.116459,1.908192,1.273068,1.602986,1.450786,-1.253065,-2.473794,-0.385627,-1.636630,0.468426,-0.418816,0.955139,-0.375689,-0.359497,-0.142239,-0.119800,-2.381837,-0.947589,0.500509,1.377887,-1.451993,0.158465,1.333030,-0.014744,0.318297,-1.303677,-1.575878,-1.838042,1.789085,-0.777578,-1.048503,0.363332,-1.184275,1.493966,0.417172,0.069253,0.861119,-0.069599,1.257919,-2.893342,0.385170,2.518857,-0.304725,-0.053485,-0.854046,0.142164,-0.371309,0.013267,2.942561,-1.112975,1.709051,-0.302453,0.287878,-2.803889,-1.421079,1.722315,0.543627,0.846009,-1.273743,-2.006207,1.942533,-0.096578,-1.776812,0.825678,-1.254619,-3.974801,1.404246,-1.106358,-0.295817
-2.344123,1.524705,-0.279383,0.947942,-2.126646,0.765593,0.727660,-1.194439,-0.599133,-1.116600,1.608901,1.612836,-2.270452,-0.092225,0.672099,-0.686159,1.441834,-1.043885,1.345613,-2.366968,0.613477,-0.158926,-1.314623,2.444784,1.802462,-0.551942,1.467400,-0.676315,1.408454,-0.084491,-0.813919,0.929202,-1.173575,-1.185406,0.275470,-3.078534,-1.453513,0.101476,1.184173,0.513343,-0.426313,-0.189492,-0.142851,-1.649734,-0.178629,0.486234,-1.966683,0.899224,-1.837140,-0.714795,0.475573,1.814351,-2.129672,1.042585,0.285681,-0.029250,0.406176,-2.534500,1.728742,-3.886618,0.009188,0.631475,0.221919,-1.712594,-1.069248,-0.169662,-0.139036,-1.308913,1.125946,0.925979,-1.777146,1.808256,0.224895,1.618699,-1.765302,-1.039029,-1.636826,0.170846,-0.441988,-0.447548,1.084071,-2.887106,0.265687,1.060340,-1.537580,-0.241979,-1.223527,-0.229350,0.022787,-2.115814,2.851877,-1.100408,0.862837,0.948009,-2.466439,0.624677,0.847111,0.321069,-0.084036,0.851401,1.350096,2.296955,2.955125,0.021716,0.538198,-3.801060,-0.760768,-1.079597,0.418615,-0.747528,1.345301,0.224748,-0.545265,0.358020,-0.275703,-1.486937,-2.718789,-2.470042,-1.729765,-0.827411,-0.051842,2.139473,-0.806963,-1.606457,0.281696,-1.071648,2.324659,1.828950,-0.065966,-0.332964,-0.805389,0.235347,0.239988,2.277629,0.381109,0.324839,-1.215125,-1.128145,0.898846,1.847778,-1.478784,0.972959,0.404524,1.778796,2.502597,-1.384031,-0.625578,-0.165254,0.042011,-0.681793,-0.799752,-0.950447,-0.189947,1.476134,0.780295,1.313506,-0.502942,-0.587649,-2.753920,1.545726,1.689353,0.719417,-1.287492,-1.348086,1.262063,0.285471,-0.505785,1.159916,1.032817,-1.305645,0.062927,-0.663409,-0.148595,-0.011608,2.563796,-2.091995,-2.706806,0.110014,0.516787,0.562598,-1.125528,3.639582,0.795059,-0.759174,0.021142,-1.721473,0.703273,0.991469,-1.590626,-1.899650,-0.406798,0.523805,0.125502,-1.729035,0.243649,0.181026,-4.044098,-1.060165,0.159604,1.008875
2.817536,-0.686480,-3.416218,-1.841363,2.266458,0.083228,-1.525786,0.459863,-0.961374,-1.647858,1.456027,1.138735,4.098695,1.167472,0.603999,1.946739,-1.952879,3.243156,-0.102326,-0.003323,-2.444836,0.652666,-1.960758,-0.187635,1.422664,-0.777692,-0.027367,2.048187,0.868903,1.773049,-0.417701,-1.399559,-2.818607,0.983099,-3.272703,3.692781,-0.279270,-1.084472,0.380008,0.983317,-0.681391,1.120844,-0.257980,-0.491812,-0.138993,0.942150,-1.113313,-0.924084,-1.799923,-1.430639,1.633196,2.587355,-2.057288,-1.015924,-0.627315,0.187256,-3.045253,1.342000,-1.717031,0.095316,0.256589,-0.428396,-1.643799,-2.165469,-2.194070,0.656461,-0.543917,-0.076412,-1.380603,0.561042,-1.500098,-1.658359,0.371343,-2.469504,1.258421,1.113803,-2.382766,-0.881896,-0.879556,-1.419106,0.397928,0.898288,-0.213575,0.297117,-2.083043,0.149015,0.975677,1.269089,-0.356638,0.422106,0.746435,-1.075264,0.190728,0.941912,0.596629,-0.712431,2.526161,2.031109,1.000740,0.129034,0.698855,-2.477324,-0.761607,0.637632,-0.940303,1.795838,0.243347,1.275649,-0.899046,0.782224,-0.098416,-3.164716,1.366456,-0.311903,-0.197349,0.204625,-1.520603,-0.053051,-1.383390,0.728823,0.131913,-1.085475,-2.089326,-1.701137,-2.293854,1.015243,-1.652668,-1.020505,-3.500712,1.954300,1.446718,-0.141884,3.074296,2.153176,2.063344,-1.068597,-0.364795,-2.713502,-1.752550,1.250084,1.106830,-0.525299,2.562734,-3.289012,-2.255820,0.491456,2.945476,-2.388113,-0.435206,-1.546314,2.614964,0.319787,0.321270,0.466612,1.850642,-0.030396,2.140509,-0.379400,-0.553482,-0.925421,-0.544356,1.138977,2.797338,-2.165671,0.765524,0.706325,-1.867882,-0.043562,-1.624629,-0.854900,-2.211395,-2.130327,1.260581,-1.668737,0.931086,-2.278959,1.306986,-0.934773,-1.565081,2.779568,1.912836,3.763443,-0.419909,-2.107309,-2.167504,0.120313,-2.833717,2.504549,2.325533,-0.315798,-0.627879,0.342440,3.173177,0.350215,2.517252,-0.647291,-1.564207,1.393591,0.879576,2.201711
1.295254,-1.974459,-2.298543,-3.031580,0.031871,0.997899,-1.287239,0.508653,-0.921307,0.020245,1.021106,1.542800,3.602559,0.594650,1.794656,1.904879,-1.955905,0.460593,0.633672,-1.623466,-1.556381,5.568621,-0.397162,0.680642,0.840618,-1.251141,-0.212581,-0.623801,-2.331396,-1.412430,-2.645797,0.663487,-0.431308,0.625799,-2.081310,1.773820,-0.673918,0.682145,-2.085719,-0.044372,0.561793,-0.494699,-0.549083,-2.456880,-1.914936,0.268132,-0.787546,0.657885,-1.866438,0.492804,0.401811,0.256523,-0.158945,-1.344385,0.376054,0.502680,-0.192727,-0.255299,-0.877986,-2.479294,0.263487,-1.094925,-1.623958,-2.157709,-1.868374,-1.138468,-2.845431,0.548148,-0.147108,-0.167376,-0.468561,-0.451927,2.231260,-2.605058,0.563380,3.943112,-0.820135,-1.331918,-1.815474,-1.115932,-0.194193,0.599428,0.810116,4.338902,-2.158176,0.024549,1.813769,-0.491207,-2.044067,1.417766,1.991345,-0.139100,-1.703835,-0.119174,-0.089375,1.948918,3.006132,2.023114,-0.149723,0.996645,0.500253,-1.306856,-0.179760,-0.605521,-0.258444,0.078254,-0.917734,-0.655036,-1.847496,0.663699,-0.795335,-4.463010,-0.992481,-1.165725,-2.064021,-1.317074,1.553150,-1.888272,0.555412,2.425510,-1.131298,-1.279026,-3.647508,-1.099124,-2.914158,4.485366,0.837356,0.336838,-0.717371,-0.260422,0.032579,0.604963,2.782911,0.713565,1.389756,0.101520,-0.948454,-3.879284,-2.247226,0.791502,0.560366,1.367545,1.920791,-1.724751,-1.380312,1.073718,1.232536,-1.974794,-0.184950,-2.444518,-0.120032,0.541881,-0.206542,-0.001366,-0.381811,-1.884166,0.389701,1.061618,-0.570873,-0.344331,-2.337975,1.457307,-0.373487,-0.555649,-3.552638,1.476428,-1.892977,-1.418671,-1.793097,-1.830730,-2.617896,-3.350690,-0.846846,-3.647700,-2.875815,-2.221345,1.685053,-0.821552,-2.410771,1.702626,2.800817,3.808697,0.539389,-1.680762,-0.827531,-1.322664,-2.498443,4.120779,2.515263,-0.435993,-1.976198,-0.802690,2.223275,0.551427,2.513680,-1.624366,-0.687269,2.784624,-0.019302,-0.171440
-0.639743,2.252026,-0.397387,0.907488,-0.269976,-1.078076,-0.214349,-2.347454,-1.531227,-1.882759,3.207679,0.098500,-1.777036,0.112827,-1.552873,-0.929497,2.090274,1.237944,-1.600134,-0.288412,0.996731,-5.334229,-2.995428,2.174632,2.292789,0.898513,0.864962,0.730076,5.641782,2.970293,1.587265,-1.617318,-2.541519,0.101774,-1.823086,-2.530723,-1.182067,-1.763868,3.235593,1.596829,-0.151013,3.438877,-0.249758,0.164885,3.637555,0.217717,-1.649188,-0.592560,-2.016498,-1.822556,1.692956,3.939220,-2.524342,0.711248,-1.782522,-0.255340,-1.746118,-2.557588,0.048246,-1.009082,0.461725,0.736834,0.105938,-0.814697,-0.004964,0.911114,1.470239,-1.577355,-0.494871,0.575066,-3.234641,0.283275,-1.452392,1.648950,-2.058293,-4.539830,-2.205858,0.631075,0.966182,-1.684112,1.712861,-3.588778,0.141945,-3.349862,-0.604526,1.161863,-2.791135,-0.586658,1.757757,-0.860059,1.459680,-1.298514,1.779814,2.385089,-4.456067,-2.648377,1.242621,-0.920048,-0.073419,-0.681290,-0.346937,0.520803,2.017745,1.388884,0.288168,-1.235275,-0.663787,-0.425865,0.783602,-0.478992,0.484757,4.713838,1.887899,0.209189,2.661712,-0.520269,-3.493249,-0.819546,-3.516710,-1.590078,0.143303,2.802211,1.350105,-0.206575,1.994215,-6.199212,0.345403,0.964603,-2.925518,2.224939,1.469324,-0.741141,0.906117,4.477305,0.790533,-0.012719,-0.444596,-1.891615,2.433152,-1.288623,-0.383781,-1.219445,0.021593,1.138334,2.667909,-1.944274,-0.538957,-1.194539,-0.986436,1.492406,1.204376,-1.853329,1.558453,2.773358,0.907683,3.946286,-2.204762,-2.465108,-2.263099,2.624248,2.250822,0.349709,1.268093,-1.769866,5.141113,-1.636729,0.677877,1.262578,1.573000,0.508171,-0.685766,0.784044,3.327152,3.626195,4.504713,-0.084245,-1.810267,0.466759,0.140218,1.059457,-4.300140,2.005330,-0.397093,-0.525431,-1.763957,-2.413669,3.083141,-1.433524,-3.103949,-2.238304,0.368318,2.869880,-2.616388,-2.059234,-0.577401,-0.710624,-5.026539,0.381884,0.332228,1.733091
1.029704,-3.121556,-5.792526,1.381737,6.251358,-0.725869,-3.967476,2.297294,-1.600571,-0.168680,2.015938,-3.566560,9.830414,5.946223,-1.238880,0.948731,-1.863702,3.773460,1.545732,5.382057,-1.861260,0.656083,-5.945244,-0.219743,0.822175,3.598547,-1.349892,2.555136,-0.308483,3.300664,5.644965,-2.724531,-4.679404,4.595614,-2.822262,7.545409,2.161652,-2.302539,0.329617,3.882846,2.446815,1.360009,3.717026,0.776429,3.429483,3.172039,-2.305710,-0.286762,1.262348,-2.955153,2.238018,0.567074,-1.740958,1.603139,0.049550,-0.904183,-5.493626,3.453928,0.146808,6.421974,-0.254725,-2.132872,-0.734976,2.476488,-2.558270,0.410338,-0.054592,0.970170,-1.506922,-0.450124,2.091706,-3.155197,1.327482,-5.791791,4.366345,-1.772346,-4.717003,-0.540395,2.699593,-1.480004,-1.483484,6.280856,-3.484914,-4.369777,-0.947976,-1.253319,-0.832504,3.373060,-0.547138,-0.316824,-1.482662,0.873456,1.118961,-0.065229,4.698007,-2.923335,-0.964304,1.334300,0.903900,0.614973,-1.080608,-2.243280,-3.999839,3.496468,-0.645756,4.129879,1.339963,1.102569,0.273907,3.232509,1.039824,0.103005,0.600499,0.592615,-1.650996,3.656939,-1.997232,4.396946,-0.286367,-2.898488,1.108893,-2.847677,-0.355533,-3.789811,-4.916023,-3.815413,-2.286274,-6.516810,-7.863785,3.992357,2.897703,1.518672,1.751509,2.219064,1.597947,-2.968789,3.245396,-0.374264,-3.373595,1.329413,1.428086,-6.944665,2.192436,-5.271553,-4.658918,0.146950,9.272951,-1.187588,-0.961701,-1.559978,6.666263,3.384513,-0.109229,-0.942553,3.125528,-0.233674,3.270422,1.788953,4.098598,-2.850934,2.641909,3.473914,8.382888,-4.700586,2.474847,1.932840,-4.845547,-1.345134,-3.523914,0.428247,-2.431124,-4.634175,-0.173048,3.874039,2.685149,-2.262490,2.003516,-1.003401,-0.651535,1.065098,1.589334,-0.089505,0.909413,0.096516,-3.801389,3.267607,-7.347798,-0.192391,3.191478,2.098410,3.669013,-1.630335,5.928399,-0.727742,2.579691,0.891457,2.449411,-2.279363,4.085084,5.398043
-3.599828,-1.645264,0.937614,2.652564,-2.928389,-2.244090,-1.712767,1.012257,-0.451279,0.572813,1.756587,-2.640197,1.550089,0.166021,-0.495368,-2.077880,-0.206471,-1.309004,3.058039,1.148377,-1.567384,1.620601,-0.534533,-1.865636,2.638657,2.246566,-1.232965,-2.115413,-0.478333,0.516987,0.619107,1.379251,0.681973,1.052384,2.424821,1.897411,1.330877,0.004847,-1.457509,0.206443,1.129338,-0.645436,2.149618,0.181476,1.717583,1.318141,-0.991302,0.767333,1.282235,0.326779,1.465419,-5.349600,2.624227,3.696705,2.440279,-1.578795,0.720873,-3.588205,3.700712,1.446014,-0.563889,0.816698,2.462075,2.188850,0.344404,-1.162751,2.955609,-1.002067,0.483213,0.463535,2.411870,1.959335,2.306168,-1.876072,1.241215,-3.121540,0.309184,-0.221907,3.141375,1.504158,-1.130946,2.999566,-0.841925,-1.501228,0.269910,-0.226261,-0.177445,-2.135869,-0.506707,-0.337094,-0.472906,4.025315,1.416478,-1.024531,1.565461,0.151395,-3.543261,-0.825161,0.798622,0.494392,0.216858,0.825802,-0.910460,-0.228539,2.498337,-0.899165,-0.752524,2.228916,2.253306,0.241037,-0.731856,4.541832,-3.857782,-0.870004,0.173676,4.258245,0.872658,1.063400,1.397415,-3.628598,0.384538,0.182814,1.069147,-2.709497,-0.959548,-1.009304,0.141415,-2.214668,-1.634903,-0.726459,0.061437,3.738801,-0.525634,-1.989918,-0.842492,-2.127333,-0.274789,0.912843,0.718326,0.902483,-0.189220,-3.261047,-1.965949,1.753261,-0.327685,-1.258877,2.154999,0.184880,-0.302625,1.420351,-0.467288,0.872703,-0.451862,-0.097447,1.085329,1.382778,-0.220064,-0.005608,-0.654736,1.434046,0.951150,0.104772,-0.232111,0.627032,0.811036,2.239693,-0.009741,-1.276047,-0.825142,1.347103,1.082635,-1.357179,-1.132258,3.292138,2.336029,-0.808773,-1.490498,0.095670,1.251431,-0.039272,-0.257124,-2.743722,1.738872,3.362523,-1.341220,2.872027,-1.057547,-2.189226,-0.524768,3.108034,2.301672,-0.924703,2.594043,-1.406695,-1.210068,-0.482786,0.638322,-4.765057,1.789082,0.253741
2.848330,2.958797,3.199786,-2.280534,0.746556,1.577147,2.308136,0.887991,3.546585,0.693863,-3.131585,-0.031902,-3.651421,-4.111760,-0.361243,-0.886843,-1.203285,1.050628,-4.348485,-0.705115,3.646967,-1.306244,3.888444,-1.257879,-2.761997,-3.689985,-2.751814,0.687564,-1.196646,-0.037856,-1.754192,0.508238,3.087693,-0.655712,-0.118605,-1.753548,-0.238355,0.793036,-1.162565,-2.360751,-1.483276,-0.795726,-3.202730,0.275044,-1.742250,-2.060067,1.821121,-2.673472,1.698425,2.485707,-2.456353,-1.740957,1.493495,-3.704073,-1.673703,1.241956,3.188051,0.684647,-3.535704,0.702825,0.717904,-0.033058,0.507118,-0.328210,1.622763,0.184898,1.213613,0.140486,0.675853,-0.693683,1.113123,-0.212835,-2.128356,2.594765,0.186476,1.496277,3.969062,0.847690,-3.140011,-0.214805,0.802193,-3.234446,4.603970,1.543214,1.646597,1.199533,3.163230,-0.525036,1.778581,3.181790,-2.614699,-1.013554,-2.172343,-1.120965,0.206339,1.289361,0.118759,-2.049390,-1.502816,-2.302214,-0.425445,-2.786632,-0.759502,-2.115612,-0.212778,2.524792,0.157237,0.646860,-1.483913,-0.889699,-2.956282,-0.586799,0.996476,-2.246295,2.581369,-1.825615,4.310173,1.140056,1.223388,4.976452,0.819269,-0.733623,0.429685,2.540257,2.173011,1.553565,-0.982225,1.831923,5.408331,-2.084110,-1.236718,-1.901939,-0.692288,-1.502619,-0.586883,3.210904,-0.617821,2.122886,0.519326,-1.974506,0.138129,2.655978,-1.442262,0.976774,-2.414095,2.147855,-4.412240,2.104627,1.135858,0.496539,-2.797750,-2.456194,0.482311,0.315364,-2.872662,-1.384473,-1.695869,-0.867190,1.148189,-0.761299,-2.379138,-2.076630,-3.007406,3.148951,-3.567253,-3.159410,2.026205,0.923201,0.436935,2.693791,0.793077,3.906732,1.678989,-2.784318,-3.833377,2.734574,1.611891,-0.133986,0.317397,-0.366311,-1.103640,-2.939290,-2.181498,-0.758526,2.154974,1.132189,5.101949,-0.804643,0.847735,0.501587,-2.151592,-0.542823,-4.161529,1.755817,-1.016392,-0.239592,2.522399,4.829335,-3.870913,-4.560340
-3.778875,-0.007084,6.783850,2.527097,-4.034702,-1.130236,3.498045,-1.727080,0.577963,3.049086,-3.311772,1.814113,-6.891284,-0.939079,-0.217069,-1.979688,3.828759,-4.801442,1.847511,0.511485,2.548655,0.360282,4.020660,-1.089017,-3.688822,2.169060,1.681076,-2.469278,-4.788549,-2.954341,0.450759,3.252105,5.935475,-3.622128,5.692147,-3.611497,-0.536562,2.765635,-0.544599,-2.437077,-0.246475,-2.399679,-0.762679,2.673832,-1.889146,-1.431655,2.292463,2.023822,1.610091,2.304843,-3.013807,-3.013943,2.851940,2.338479,-0.032354,1.413757,3.261268,-0.400511,2.673475,-1.314216,-0.891432,3.029784,1.320311,2.666453,3.917655,-1.124806,0.945790,-0.013305,1.150509,-1.559784,1.858851,1.030133,-0.874721,4.755917,-2.493447,-1.048629,3.672001,2.216503,2.299825,2.596362,-0.328305,-0.469604,-1.178084,0.088687,2.308311,-1.130081,-1.456115,-0.413305,-1.242383,-1.669613,-2.027051,1.714897,0.434144,-2.708786,1.410353,1.631994,-3.665561,-1.161653,-2.987130,1.017500,2.983168,4.751629,0.794676,-0.021771,-1.711880,-3.793444,1.616607,-2.169500,-0.626232,-2.333027,2.948173,0.773949,-2.087980,2.497946,-0.157601,-0.267608,1.641996,-1.231855,1.708207,-3.157097,-0.864160,-0.554576,3.087457,2.371205,3.792068,1.900844,3.075291,-0.381576,7.096577,-2.587424,-1.258659,-1.523030,-6.310694,-3.023925,-1.442379,-0.483592,1.363642,4.180851,1.421418,1.392595,-3.285336,1.899337,-4.037082,3.842956,2.418806,-0.964065,-3.215380,2.692066,0.443536,0.974145,-4.532239,-0.205900,-1.142793,-1.063984,-0.843613,0.367633,-1.296387,1.742390,1.906156,-0.691628,1.993691,-1.840004,-4.790520,3.448708,-1.775246,-1.874828,2.770118,-0.420061,2.694520,-1.829550,5.671422,1.955815,-3.381642,1.074944,0.077992,3.044942,-2.453361,2.759851,2.753434,-6.224857,-0.213368,-6.247373,-0.521528,0.525326,4.737090,0.837339,0.234486,-2.538100,-3.022284,0.830736,0.610749,-2.114354,-3.927027,2.035079,-2.006461,1.713425,2.975448,-3.395475,-1.632666,-1.620208
0.130377,-2.696455,-4.377983,-0.377103,0.011427,0.478675,-2.948382,0.695016,-2.047059,-0.427381,1.377670,1.942093,4.605467,4.930034,0.580351,3.057076,-1.317463,-0.478480,4.469362,-1.100011,-3.599383,3.297267,-2.202706,0.115514,1.283457,1.704480,2.615238,-0.865008,-2.400744,-0.748065,0.912472,-0.836999,-2.391417,-0.167675,-1.737856,3.900507,-0.338391,-1.681458,-0.356270,1.920203,1.214050,-0.544473,2.382794,-1.193028,-1.611302,2.012401,-1.465358,3.337116,-2.606433,-1.759233,1.774927,1.756726,-2.193663,0.637128,1.245715,-0.010017,-1.234765,0.561628,1.634199,-1.568583,0.937108,-1.259521,-1.780105,-1.609388,-2.134640,-1.708086,-2.220170,0.467945,-1.857593,-0.390581,-1.273909,-0.683913,1.946936,-2.872181,0.950144,2.428631,-2.639619,-0.742067,0.433587,-0.944185,-0.414210,3.049749,-1.954999,1.945027,-2.560017,-0.984781,-1.103658,1.240209,-3.032672,-1.666421,3.095119,-1.284986,-0.109381,0.606047,1.085948,-0.349276,1.582401,3.558417,0.497119,2.968726,1.293729,1.862472,-0.019745,0.672676,-0.627681,-2.370784,0.212167,-1.076976,0.148277,1.721645,2.276999,-3.167900,-1.217185,2.041163,-3.202302,0.133643,-1.305576,-1.732046,-0.070356,-1.568617,-1.492201,-1.301297,-1.525808,-3.022087,-3.381264,2.647542,0.474009,-1.529958,-3.132274,1.150731,1.199359,1.363696,1.495696,0.971962,2.300232,-2.726100,0.883575,-2.963339,-2.392704,3.637975,0.835571,-1.345474,2.962321,-2.388937,-0.539223,-0.300230,3.297288,-3.398854,-1.242004,-2.037760,1.430429,2.276329,0.321489,-0.083875,1.443736,-1.210519,2.031016,1.648222,-0.249424,-1.505210,1.248322,3.419165,1.891219,-2.318101,0.033311,1.693294,-1.826017,-0.377645,-1.986160,-3.105264,-2.549904,-4.647003,-2.338578,-0.414364,0.242974,-4.400030,-0.085080,0.402697,-2.082239,0.804810,2.753618,4.940728,1.547175,-2.772850,-2.232295,-1.435586,-6.047913,2.365039,0.891884,-0.797363,0.030522,0.316454,4.999699,0.208936,1.855174,0.862787,-0.506511,-1.661491,2.495920,4.438776
-2.108997,-0.799625,2.646557,2.377141,-1.207966,1.122160,0.762647,-0.570102,-0.116257,3.305986,-3.159001,2.014202,-4.188069,0.668239,-0.486296,-1.194456,3.330581,-4.558535,1.891541,1.862285,2.082240,-1.324193,2.067823,0.111587,-3.141586,3.617913,1.724707,-1.478043,-4.791768,-2.238264,2.370927,2.270357,4.240713,-3.967817,4.384759,-1.096594,-0.702483,0.830791,-1.193278,-1.002716,0.792103,-2.189630,-0.772665,2.913581,-0.347682,-1.309053,2.367499,4.170856,0.936836,0.615526,-2.174918,0.469837,-1.176480,1.470715,-0.354693,1.104459,0.789448,1.114575,3.504484,-0.950199,-0.096596,2.398561,1.491093,2.658738,1.242971,-0.906255,-1.311695,0.418571,0.803325,-1.477300,1.155576,-0.705326,-0.826320,2.147681,-2.304376,0.361462,1.832846,2.200963,1.767860,2.366676,-0.588701,0.794894,-3.052828,-2.239940,2.656428,-1.757509,-2.577017,1.739829,0.246170,-2.584471,-2.866663,0.494554,0.095595,-2.904725,2.253769,-0.133235,-3.125564,-0.310423,-3.460095,1.745974,2.182539,5.397739,0.364992,2.199444,-3.046851,-3.605501,1.493238,-2.322987,0.754886,-0.334870,4.772542,-1.125502,0.343475,4.344601,-2.634957,-1.700409,0.768649,1.150815,1.879173,-4.035515,-1.050323,-1.243455,1.236261,0.307230,2.504009,0.267582,3.553594,-1.928705,4.916471,-0.453649,-0.605070,-1.536535,-5.798017,-1.028597,0.058052,-2.620308,3.541486,3.849869,-0.560927,1.868785,-1.591354,0.823753,-1.524755,1.736446,2.409388,-0.738130,-0.174935,3.273044,-0.719990,1.015515,-2.856568,0.786789,-1.981200,-1.198696,-0.805575,-0.198180,0.016940,2.588634,3.567637,-3.327640,3.474187,-1.261206,-0.909259,0.082914,-0.669595,-2.068409,1.549261,-2.153313,2.190987,-2.980984,6.862891,1.966374,-3.834234,2.080935,1.903992,2.269630,-1.999956,1.602689,0.958448,-7.263003,0.622626,-4.109584,-0.112968,-0.900448,3.921579,0.010195,-1.218019,-3.270105,-2.753580,-0.284310,2.392658,-1.980535,-0.110455,1.708310,-0.003623,3.536901,3.122170,-2.301552,1.768208,0.525024
-4.178732,-0.730781,-0.346767,2.096819,-5.044923,-0.674883,0.041258,-1.229927,-1.210932,-0.687742,3.104590,0.814675,-0.048303,0.928075,0.728518,-0.590980,1.847698,-1.792338,3.204621,-2.677489,-1.875093,0.307295,-2.074800,1.690131,3.768674,0.783529,2.359564,-2.983104,2.772903,-1.041483,-0.832018,0.505593,-1.434376,-0.164267,1.776377,-3.403952,-0.855934,0.221106,0.851491,0.401940,1.160787,1.807271,1.468665,-1.468372,1.210565,0.873816,-2.045985,0.777205,-2.004768,-2.165113,2.663191,-0.115612,0.233330,3.105468,1.786697,-1.702104,0.900691,-4.399696,3.061799,-3.407637,-1.196496,1.106357,0.680249,-0.641121,0.159411,-1.277994,0.818907,-0.290253,1.633375,1.337230,-2.040652,3.398227,1.521651,-0.757901,-1.872211,-3.579593,-1.907638,-1.007717,1.587853,-0.252066,0.106958,0.080342,-0.449629,0.706936,-1.827321,-0.333028,-0.880164,-2.573608,-1.282478,-3.085368,3.336312,1.636632,2.483681,2.221562,-4.771185,0.525795,-1.361116,0.575779,1.526803,1.599223,0.699576,2.395859,2.160622,-1.809035,1.875629,-5.406345,-1.502878,0.644551,3.662601,-1.817363,1.449692,3.822184,-3.076747,-0.648150,0.226419,1.674353,-2.611270,-3.721063,-1.297399,-3.177968,-1.420180,3.130334,0.879127,-1.186298,0.970632,-0.950300,1.312278,1.475247,-1.084213,-0.808733,-0.500075,2.562399,-0.345453,1.114210,-1.719734,-1.625560,-2.542168,-0.273079,1.505275,1.144053,-0.441512,-1.088820,0.160258,3.399079,2.447921,-2.552671,0.032476,-2.068724,-0.702150,1.386523,-0.197947,-1.341919,1.383545,2.430684,1.631834,3.563568,-0.824565,-0.268022,-3.813730,4.588321,1.383273,0.250894,-1.676113,-1.025145,1.703195,2.949893,-0.246310,-0.898877,1.133712,-0.741333,1.079258,-2.088110,-1.410173,3.082301,3.784958,-2.446658,-3.878533,0.252443,0.774334,2.030073,-1.194711,2.082210,1.647547,1.138194,-0.420879,-1.194219,-1.621980,0.506330,-4.609474,-1.136278,0.323529,0.744872,1.273564,-3.631806,-0.687126,-1.428254,-3.771280,-4.769205,0.304010,0.796600
-3.376852,-1.924322,3.572566,2.505186,-3.280502,-0.836399,0.527285,1.339769,1.620029,2.841729,-1.294341,-0.706389,-0.832100,0.131234,0.573395,-1.847214,0.425760,-3.624643,4.820289,-0.515067,0.318263,3.719207,1.852960,-1.364845,-0.299017,3.113677,0.576831,-2.148478,-4.272881,-2.570603,0.680871,3.431417,3.179018,-1.029816,4.531846,-0.669115,1.678243,1.233039,-2.548132,-1.211006,0.492328,-2.654631,0.913604,2.137650,-1.111513,-1.342995,2.847230,1.579003,0.961594,1.419834,-0.724720,-5.314135,3.930807,2.117571,3.589401,-0.584344,1.927158,-1.708948,2.084728,0.504084,-1.490291,1.309534,2.706036,1.727764,2.309347,-2.337497,1.670385,0.665858,0.017170,-0.199032,2.405169,1.447425,1.980325,-0.778555,1.711905,-0.576294,2.703980,0.385821,1.774205,3.355820,-1.289604,3.660506,-0.378443,2.253436,0.171651,-0.515299,-0.425213,-1.373640,-3.080411,-0.476222,-1.612870,4.339273,0.673163,-3.068846,3.072788,1.809436,-2.919565,-1.966503,0.919642,1.944263,1.278001,3.045639,-0.766693,-1.140185,1.073203,-3.902900,0.495649,0.585120,1.059523,-1.115065,0.537001,-0.184467,-4.579126,0.055841,-2.578180,2.537827,3.749475,-0.030916,3.916610,-3.036864,-0.887752,-1.336933,0.280580,-0.320617,0.066908,3.318804,1.205389,-2.260067,2.311646,-3.159292,-0.689074,2.264324,-2.812358,-4.982852,-1.831915,-1.598354,-0.805508,3.363756,-0.284920,1.515053,-1.139112,-0.743940,-2.331827,2.939654,0.444056,-0.993555,0.204218,1.815663,1.078748,0.426145,-2.584483,1.741073,-0.724399,-1.627951,-0.782430,-1.130454,0.228504,2.939879,0.132140,0.550540,1.495596,-0.521399,-3.232047,1.834125,-3.302491,1.972346,-0.110934,-1.374123,-0.754190,-1.642203,3.745521,-2.416536,-5.484767,2.374363,-0.037230,-0.587958,-1.611915,1.375969,2.000213,-1.902614,2.124228,-2.707197,1.615454,3.570195,1.667351,3.747147,-2.062354,-0.641351,-1.216303,2.372750,1.891354,-3.502903,0.150580,0.641624,-0.869135,-0.006141,3.532465,-4.953718,0.607434,-1.465445
-1.754816,-0.586794,0.898046,2.021669,-1.786024,0.144237,0.028448,0.258105,-0.476482,1.141775,2.103700,-0.811742,-0.142681,0.773959,0.060457,-1.207992,0.919028,-0.661451,1.616082,-0.757701,-1.495315,0.325258,0.154108,0.070029,2.283677,0.478538,-0.098931,-1.341214,0.842594,0.336837,-0.409409,1.060990,0.972944,0.259215,1.998512,-1.439888,0.876580,0.537730,0.664406,0.039525,-1.116978,-0.613098,0.762352,-0.706753,0.810640,0.141162,-0.783861,-0.219121,-0.537091,0.276947,0.516282,-1.389796,0.572004,1.731234,1.425183,-2.367787,1.360109,-1.058039,1.011631,-0.914937,-0.456818,0.060218,0.919413,-0.843690,-0.384229,0.458055,0.648140,0.129568,0.495800,-0.285197,0.127640,1.550926,0.472620,-0.158737,0.360962,-1.140263,0.261713,0.049220,0.270352,0.217621,1.521750,0.787736,1.039745,0.888575,-0.529878,-0.025147,-0.585850,-1.946150,-0.439770,-0.351046,0.651021,1.351591,1.202634,-0.086371,-1.173795,-0.477353,-1.376495,-1.135765,0.370959,1.211871,-0.068616,0.748707,0.553660,-0.131431,1.875544,-1.196425,-0.478047,0.302821,0.625322,0.151254,-0.341136,2.331925,-1.298185,-0.542194,0.605352,1.667901,0.486402,-1.201416,-0.675265,-1.882860,-0.112168,1.041374,0.075774,-1.621495,0.314504,0.574594,0.425526,0.194102,-0.284480,-0.176593,0.487146,1.318506,-0.683128,-0.629580,-0.923178,-0.447545,-0.737437,0.158393,0.902918,0.827434,0.228274,-1.009657,-1.236988,1.205358,0.712579,-1.864469,0.610369,-0.081446,-0.078232,1.636084,-0.728558,0.257225,0.231982,0.712714,0.116352,1.952563,-0.872138,0.161663,-2.544853,2.233957,0.999569,-0.110405,-1.113300,0.098674,1.690027,0.397522,0.287189,-0.810982,0.076917,-0.026818,0.153332,-0.403028,-1.360647,2.089643,0.466425,-0.489442,-1.800303,-0.116837,1.096341,-0.238030,-0.171795,-0.856622,0.858099,0.998145,-0.523979,0.278885,-0.540508,-0.172729,-2.080986,0.718794,1.175954,1.341009,0.281301,-0.715372,-1.645781,0.336282,-0.489536,-2.757656,1.254991,0.074268
1.762487,2.819483,-2.930515,-1.055935,-1.266186,-1.391401,-0.578149,-0.849325,-0.549789,-4.528074,4.018147,-0.231335,-0.685454,-2.983973,1.180777,-0.174029,-1.493137,3.327690,-3.233841,-2.507142,-0.298260,-3.140356,-2.744903,3.032595,3.749252,-2.760184,-1.120841,1.389793,8.102186,1.932475,-3.329804,-2.239924,-4.286273,1.459282,-4.244486,-3.152640,-0.616576,-1.800450,2.535565,1.254843,-1.193872,2.646889,-1.041196,-3.280015,1.172643,0.277857,-2.430707,-1.591896,-3.999149,-2.006485,3.151441,3.087723,-1.763388,-1.617780,-1.770346,-2.564564,-0.499637,-2.326384,-2.865449,-2.172014,1.873994,0.159629,-0.910903,-3.871485,-2.402858,2.058654,2.246804,-1.914848,-0.744156,2.261520,-3.098661,0.987620,-0.941429,0.231317,-1.012239,-1.920768,-2.482680,-1.457400,-2.866731,-3.235455,2.795840,-4.578335,2.844501,0.114586,-2.374101,1.110624,0.887495,-2.732182,2.105447,0.783867,2.909105,-3.044262,0.041798,3.939304,-5.814212,-0.476194,3.303155,-0.342931,2.387096,-1.647039,-0.690462,-2.859445,1.412412,-2.077528,1.797157,0.659104,-0.865995,0.413706,-0.369466,-0.716121,-3.276111,2.191535,2.255844,-2.429304,3.252529,-1.782280,-2.443904,-3.438524,-2.830734,2.728093,0.155004,3.516447,-1.380123,0.845029,-0.026895,-2.954224,-2.177221,3.997625,-3.401386,0.660589,1.092212,-0.238689,4.618764,4.609374,0.832672,2.454002,-3.661727,-3.491986,1.659594,-2.555091,0.376566,0.716245,1.487346,-0.319322,1.451860,0.176253,-2.239466,-3.397348,0.590897,0.174698,1.346662,-3.174901,1.916225,2.979563,0.240119,2.102511,-2.551977,-3.958039,-5.168531,3.761800,-1.644341,-2.043191,-1.043883,-1.706672,3.305576,0.115309,-0.362172,3.200166,-0.729293,1.974427,-4.995767,0.928066,4.822142,-1.002059,1.481685,-1.425636,0.125728,-0.966032,-1.752391,6.031616,-2.472485,4.536978,-0.629045,-0.397970,-2.004018,-4.037360,3.120079,1.849860,0.100405,-3.570524,-4.213468,3.914832,-1.427677,-3.176167,0.804241,-2.886457,-6.847885,4.128178,-2.470101,-1.391144
3.782427,1.807321,-2.188475,-2.374897,2.890886,-0.428829,0.115519,-0.478025,0.717933,-3.161349,3.048261,-1.977066,2.070744,-2.281161,-0.067806,0.726043,-3.399814,4.334496,-4.053112,-0.652589,0.297325,-2.707251,-1.350179,-0.145611,1.188367,-3.867270,-2.208977,0.463536,4.548007,2.135859,-1.518499,-3.009127,-3.433716,3.848510,-3.784785,0.959175,-0.376011,-1.062533,1.026517,0.618482,-0.759127,2.237888,-0.045095,-1.782017,1.418690,0.858550,-0.586635,-4.648750,-0.295838,-0.486692,2.036189,0.240224,-0.985432,-2.470050,-1.765357,-0.985424,-0.700801,0.278485,-4.401218,1.138331,0.904775,-1.859508,-1.114062,-1.695250,-0.897305,2.308746,1.321392,0.087686,-0.248699,0.887314,-0.953980,0.571272,-0.697206,-1.249466,1.989222,-1.020296,-2.280996,-2.175211,-2.189521,-1.772022,2.278067,-2.582384,2.887996,-0.023418,-0.808579,1.233115,3.763195,-0.354936,2.799614,2.716638,0.445098,-2.070168,-1.539465,2.161068,-2.375904,-1.205979,2.987377,-0.335966,2.222305,-2.216782,-2.050698,-5.331564,-0.230875,-1.245051,0.860611,3.821494,-1.216433,3.108953,-1.224005,-0.043101,-3.223277,1.753804,1.744813,-2.622804,3.397019,0.408564,1.324957,-0.550855,-1.341235,5.156299,1.882278,0.910079,-1.159116,0.716732,-0.677728,-1.230133,-2.246970,1.526324,-3.150761,0.249934,0.626127,0.209693,4.740927,2.836696,0.677903,3.187784,-1.855707,-3.220911,0.328220,-2.426946,1.417236,-0.621078,1.139423,-2.359042,-2.261163,2.527879,-0.752974,-1.453967,0.551378,-0.947615,1.792378,-2.251963,0.461603,1.635895,-0.345555,-0.049553,-0.508054,-1.693910,-1.455297,0.802984,-2.386000,-0.375759,1.074445,-0.674844,1.146576,0.225407,-1.520067,1.706925,-1.441708,3.180477,-4.503759,1.489024,4.770924,-1.525953,-1.006235,0.047183,1.973278,-1.724062,-0.953956,4.643057,-2.159142,2.549177,-1.116883,-0.105979,-2.569957,-1.228353,3.830893,0.875741,2.011344,-0.684560,-2.474600,2.083906,-0.606563,-1.796810,1.583528,-1.468536,-3.093251,4.304844,-1.731666,-1.829694
4.560726,2.985111,-0.480215,-1.475901,3.383956,-0.520613,0.081892,-2.631498,-1.595444,-0.542473,0.540030,1.560045,-3.929016,-0.728498,-1.354599,-0.064555,2.030863,2.333246,-6.032888,1.259060,3.574580,-5.630197,0.297717,1.118733,-1.053327,-1.734637,-0.546365,3.763110,2.916449,2.440246,0.293238,-2.379634,-0.655503,-1.265520,-2.443823,-1.162221,-1.384543,-2.276639,3.194036,1.052262,-0.841190,3.645662,-3.637514,-0.021433,0.665361,-0.803075,0.784221,-0.992905,-0.288384,-1.531101,-2.158952,5.045117,-3.563960,-2.752256,-3.821952,1.534319,-2.473677,2.845729,-2.985083,0.869343,0.919510,0.293541,-1.712354,-0.142792,-0.265580,2.379945,-1.188086,-0.877562,-0.860812,-0.149748,-1.189906,-2.608753,-4.582037,4.420509,-2.402119,-0.795713,-1.368989,1.572554,-0.731636,-2.934285,1.089538,-3.698673,-0.196971,-3.626697,1.799966,0.696005,-2.317659,3.376031,4.394365,0.684722,-3.591754,-4.362187,-1.416915,1.177401,-1.361294,-2.155754,1.992036,-0.522703,-1.854117,-2.669662,-1.452981,-0.057209,0.116519,2.089758,-2.072601,4.255068,0.941197,-0.854409,-2.004800,0.585550,0.771670,1.335834,6.136248,1.149452,2.423972,-4.257329,-2.011599,1.478346,-3.327643,3.104038,1.562949,0.794336,1.455096,2.012610,3.467795,-4.277133,0.067638,1.270318,0.723802,1.571235,-0.524177,-4.527350,-0.126675,4.947870,1.763844,1.470919,1.827161,0.724770,0.743820,-3.078824,0.976935,1.698710,1.697319,-1.011115,0.381993,2.226587,-1.266863,0.055667,0.439043,0.747734,1.289587,-2.139377,0.706354,0.363581,-0.239294,1.371596,-0.295144,-0.897245,1.612578,-0.926615,0.947453,-0.654713,2.316979,-0.558340,3.712560,-3.337140,1.537776,1.870153,2.807023,1.000874,-1.206088,3.410014,4.427185,-0.494096,-1.122450,2.823752,1.170986,-0.700674,-2.003922,-1.734684,-4.153978,0.866031,-1.471490,-3.221649,0.283364,-1.514559,2.549663,-2.328258,-0.422326,-1.850762,-0.439946,2.812961,-3.743588,0.700164,0.583582,2.086537,-2.017558,4.838429,-2.796717,0.003922
0.104274,-2.351222,-1.355389,-1.011101,1.649035,0.925680,-1.292200,1.817133,0.095140,-0.083060,-0.398706,-1.163619,3.550787,1.407691,-0.378792,0.885072,-1.611935,1.436317,1.141030,0.869716,-0.753311,3.512013,-0.530605,-2.097371,-1.132215,0.404704,-1.210425,0.670863,-2.056844,0.639128,0.364656,0.568949,-0.580213,2.216968,-1.577170,3.708290,0.172960,0.197849,-1.331145,-0.136180,-0.045658,-0.272391,1.057978,0.067917,-0.910691,1.717881,0.562340,0.056851,0.802957,0.482708,-0.774007,-2.415359,0.877897,-1.433537,0.462522,-1.015996,-0.868028,1.468265,0.235289,2.201937,-0.682738,-1.760044,-1.049886,0.026808,-1.123125,-0.603710,-0.658762,1.279105,-0.554148,-0.130641,2.494192,-1.452696,1.803788,-2.946109,2.197272,2.172472,0.628754,-1.323483,-0.300177,0.447978,-0.762171,3.280053,0.048105,2.013219,-1.097542,0.089963,0.942954,0.727878,-1.876781,1.068594,-0.642590,1.114726,-1.144897,-0.958751,3.519823,0.126314,0.292986,1.673673,0.940942,0.360327,-0.398996,-1.828997,-2.496319,-0.780019,0.704129,1.492390,0.393792,0.856470,0.141316,0.707170,-1.197136,-1.539695,-0.733374,-0.308352,-2.314210,3.406781,2.491280,1.806435,1.261928,0.525853,-0.109416,-1.289875,-1.159413,-1.381571,-3.236076,2.445814,-0.734777,-0.862836,-1.171246,-0.434197,-0.845810,1.653802,1.266982,-1.812694,0.235629,-1.217615,0.526204,-0.457705,-1.099421,1.554158,1.109917,-1.334574,0.476534,-1.901492,-2.540835,1.277301,2.676759,0.951817,1.432491,-0.798548,-0.677922,2.140297,-0.937515,-1.583211,0.149052,-2.139157,1.981099,0.432517,0.678381,-1.136039,-0.735684,1.276098,1.140335,-0.710114,-2.113125,1.207602,-1.155450,-1.875176,-1.898543,-0.252947,-2.124657,-1.681209,-1.051803,-0.863807,-0.840860,-1.039348,1.352624,0.625819,-0.601834,1.323767,2.298048,-1.235449,-0.464579,0.414270,-0.367168,2.650725,-1.736704,0.098511,3.533594,1.447783,0.512105,-1.602606,2.257472,1.651454,0.756894,-1.123155,2.093728,-0.259724,2.951764,0.793727
-0.097665,3.104767,1.924147,-0.865996,0.661376,-1.286996,1.778445,2.545906,2.111095,-0.625880,0.211094,-7.331842,-0.117144,-6.885237,-3.178159,-3.921119,-2.191496,3.548233,-6.046045,2.494092,2.180718,-2.193587,0.752284,-4.004460,-0.679524,-2.380597,-4.309345,1.221518,5.112335,4.110121,-0.634291,-1.228135,0.186602,3.591259,0.334593,0.556376,2.240551,0.160527,0.110018,-1.638521,-1.153036,2.166406,0.041570,2.513910,3.245519,-0.893601,2.449863,-6.852459,4.083748,1.909121,1.910620,-6.927963,4.888518,-2.183669,1.091256,-1.470390,0.502673,-0.057085,-4.761146,6.789239,-0.758385,2.650280,2.309371,1.746647,1.884015,2.934361,7.019596,0.163294,-0.006557,2.379476,2.223894,0.852203,-0.038989,0.715406,3.566101,-3.178915,1.854708,-1.112598,-0.825459,0.225936,1.196326,-0.964361,5.503117,-0.878786,2.029130,3.515355,2.698825,-3.045675,4.410374,2.971585,-3.771921,1.830203,0.012856,-0.659944,-1.623819,-0.381535,-3.685381,-5.840875,3.163008,-3.955270,-4.470171,-6.975472,-1.886315,-2.193385,4.193702,5.920652,-1.295583,5.585174,1.262054,-0.970258,-7.044637,7.480666,-0.851176,-4.692932,5.501089,5.071954,4.336800,3.819986,1.586830,4.808585,2.886754,0.103424,2.309606,0.986391,0.670712,-3.312185,-5.499945,-0.288234,-0.181163,-2.839414,-0.099639,1.384880,1.604214,-3.155834,-2.441191,3.835102,-0.766495,1.550251,1.955070,-6.170476,0.311688,-2.444424,-1.474429,0.540892,-5.069067,2.856527,-1.544627,3.515348,1.039069,4.612369,0.142001,-2.088142,0.784906,0.948996,-0.374167,-1.085929,-1.690718,-3.654119,-2.504977,4.024984,-3.479897,-3.004082,-2.194461,4.075066,0.255651,0.712494,-0.019316,2.331672,-1.361114,7.075351,-2.282762,4.973109,4.591344,0.418015,-0.747484,2.753144,2.009292,-1.078676,1.835303,4.167027,-4.786513,-6.326111,-2.348678,6.688438,-1.023178,4.497559,8.578426,-3.612604,1.481228,4.033866,-1.633353,1.242912,-5.331463,-2.943310,-2.466708,-2.722591,0.941234,2.218252,-1.503167,-6.070298
-3.753812,-1.580358,1.599861,1.601902,-2.994214,0.554020,0.977264,0.447512,-0.280000,2.848980,-2.099445,-0.657620,-0.673988,0.460445,0.981283,-0.832686,1.497054,-2.551996,2.836119,0.015950,-0.309626,3.572133,1.381651,-1.130655,-0.516342,2.023091,0.994020,-3.090949,-2.833547,-2.852910,0.544046,2.248091,3.723078,-2.095649,4.527146,0.407669,0.976657,0.977515,-1.403269,-1.404013,1.308365,-3.050985,1.018103,0.885132,-1.707958,0.137711,1.272208,2.817040,-0.243005,1.837735,0.454806,-2.878924,2.915395,1.924076,1.369966,-0.056052,2.409447,-1.332389,2.680881,-0.318207,-0.698351,1.183557,1.349610,1.749603,1.055741,-1.646935,-0.832482,1.229964,-0.070401,-0.241216,1.316158,1.078509,1.173740,-0.566278,-0.818992,-0.021976,1.600665,0.538365,2.020737,1.673690,-1.545426,2.002499,-1.152325,1.967024,0.966732,-0.741437,-0.492405,0.541087,-2.237567,-1.050272,0.029013,1.923589,0.373567,-1.661261,2.229538,2.048820,-2.051076,0.679765,-0.708613,2.041377,0.549633,2.783927,0.383133,-0.450466,0.780332,-2.689170,0.020987,0.783410,0.791573,-0.036583,1.361017,-0.466481,-2.686973,1.447667,-3.277620,1.010530,1.904226,-0.017738,2.406729,-3.865427,-1.226391,-0.708794,0.537958,0.052934,-0.148868,2.450710,1.290784,-1.921927,1.046008,-1.321781,-0.579929,0.996080,-3.759732,-2.286362,-1.143881,-1.766737,1.591451,0.813362,-0.621265,2.276232,-0.279123,-1.010383,-0.544362,1.894573,0.831018,-1.317280,-0.144577,1.666001,-0.581035,0.563318,-2.196164,1.129060,0.449385,-0.861565,0.461916,-0.138259,-0.364497,2.821204,-0.179540,-1.036035,0.768507,0.355934,-1.478228,0.937729,-2.096005,0.339460,-0.321653,-1.434972,0.616393,-0.773140,2.643493,-0.814743,-4.526062,1.379560,0.901142,0.083211,-1.608245,1.668213,1.468498,-3.066178,1.486647,-2.246381,2.012254,1.946104,1.234956,1.023258,-1.675995,-1.007832,-0.778362,1.137766,2.286780,-2.734848,1.353393,1.123762,-0.595877,-0.159911,1.437012,-3.869664,1.342989,-0.239891
-0.133635,1.176846,1.141103,-0.414302,-1.502329,0.188337,1.418486,-2.345193,-0.281238,0.085339,0.121866,4.912972,-5.295425,1.356083,0.723943,1.451007,2.702925,-3.157232,-0.028850,-2.086489,1.589538,-1.225396,1.156314,3.840504,-1.472122,-0.051872,3.395897,0.272990,-0.609025,-2.934528,-2.205739,1.132671,0.468429,-4.437694,0.533842,-4.170425,-3.012610,0.568114,1.858121,-0.627603,-0.457130,-0.008372,-2.045777,-0.974455,-1.365010,-0.191353,1.322905,2.423151,-2.362954,-0.614703,-1.143542,4.853832,-3.986500,0.252765,-1.177858,1.676886,1.050820,0.209356,1.670958,-5.829549,0.450754,0.026498,-1.597175,-2.128563,1.068598,-0.213709,-3.117767,-0.692591,0.640009,-1.889421,-3.481790,-0.026290,-1.741020,4.194293,-4.647469,1.129981,1.649066,1.839275,-0.414100,-0.481587,0.036922,-3.653178,-1.078822,-0.697913,-0.474626,-1.470737,-1.848755,0.657146,0.277396,-2.075092,1.101728,-2.330168,0.213419,0.654520,-1.819617,0.377057,2.128395,1.585142,-3.646919,0.585976,2.476820,4.312408,3.573346,0.523423,-2.530553,-2.943646,0.223667,-4.076097,-1.408429,0.002940,4.277540,-3.175927,1.492947,2.321134,-0.527697,-5.571297,-1.818350,-2.882570,-1.610655,-0.541586,-1.471022,2.124896,-0.118950,1.486325,4.121476,-0.143338,3.563209,3.286334,4.286644,0.861046,-1.757573,-2.518223,-1.225201,2.491858,0.403505,-0.185464,0.495824,0.351772,0.770172,0.392984,-2.032321,3.647882,0.416150,1.513707,4.093862,-1.990093,-3.097579,-0.476927,0.478474,-0.897280,-2.631137,-1.536118,0.420835,0.751109,-0.559232,-0.046321,-1.272722,-0.204320,0.632266,-0.673007,1.672202,0.250437,-1.694856,-0.063941,0.452779,-2.389935,2.577512,0.389025,2.842645,-3.398456,2.681676,2.061625,-0.261412,-1.408572,0.506813,-0.226488,-1.911568,0.757361,-0.908766,-3.822442,-0.676819,2.519679,-0.641665,-3.617881,2.576100,-4.572709,-0.337004,0.525813,-2.240255,-3.694348,-1.086034,1.774127,-1.584611,0.623429,0.287532,1.048274,-1.811469,1.686415,-2.283943,1.134698
2.507643,1.032710,-1.802305,-2.703177,-1.164864,-0.187013,0.482029,-0.893628,-0.649449,-3.162746,2.002480,1.402322,-1.100734,-2.842739,0.800264,1.315721,-0.698850,0.969954,-1.704485,-3.445062,0.128960,-0.656122,-1.042848,1.624518,1.991120,-3.073719,0.404403,-0.055414,3.369537,-0.254337,-4.292230,-0.940487,-1.151648,-0.302842,-1.776141,-2.205287,-0.917020,-0.844437,0.656805,-0.418677,-1.176820,1.362816,-1.572733,-2.970683,-0.884559,0.905370,-0.733183,-0.944646,-2.788067,-0.115588,0.706704,2.205443,-1.844657,-1.628613,-1.139201,-0.960564,0.815246,-1.981007,-1.278203,-2.279275,0.284561,-1.199863,-0.961360,-2.793262,-1.016584,0.806145,0.689373,-1.162763,-0.404148,1.042536,-1.711440,1.514175,-1.089664,0.325781,-1.932970,0.977460,-1.833957,-0.988492,-2.635322,-1.019396,1.158403,-3.413730,2.091452,1.225089,-1.050289,0.975443,0.670473,0.049997,1.071937,0.722326,2.939695,-1.277939,-0.698070,1.785495,-4.619962,0.320697,2.791801,0.997804,1.007029,-0.893003,-0.014680,-2.498344,1.387403,-1.786013,0.339937,-0.033101,-1.431293,-0.559603,-0.053313,-0.605149,-1.110280,-0.209699,0.985621,-1.761564,1.589020,-2.464889,-0.952317,-2.487386,-1.360113,3.108802,-0.067310,2.729765,-1.591271,1.058734,0.715989,-0.038619,0.080388,3.502183,-0.145259,0.223274,-0.398490,0.021703,2.885937,2.510765,0.334989,2.816086,-2.749615,-2.906175,1.404479,-1.254819,1.113619,2.174111,1.184293,-0.807062,1.092684,0.475464,-1.133889,-1.205250,0.084538,-0.299668,0.222257,-1.322104,0.959208,0.969773,-0.477050,0.201978,-1.476458,-1.520901,-2.705956,2.403778,-1.483022,-0.654895,-2.735512,-0.404352,-0.153533,-0.392107,-0.697206,1.044100,0.060136,0.565737,-2.470535,1.494080,1.837405,-1.515804,-1.179653,-0.956452,-0.336480,-0.165142,-0.964584,2.979270,-0.990856,3.745393,-0.498031,-1.799723,-1.096949,-2.879417,2.143755,2.867112,0.072542,-2.156259,-2.524694,2.272648,-0.782378,-2.206219,0.359490,-2.482140,-2.578974,2.698840,-2.000426,-0.584784
0.743680,-1.366403,1.010394,-0.614094,0.118224,0.912591,0.473891,-0.731809,-0.703770,2.371318,-3.103154,3.048177,-1.658100,1.031559,0.499148,0.804519,1.095094,-2.009984,1.210549,0.810492,1.494826,0.310549,0.767817,0.907665,-2.161853,1.718810,0.977488,-0.311975,-4.799680,-2.687012,0.759639,2.097257,2.218656,-2.743276,1.593479,0.028424,0.350221,1.827208,-1.008726,-0.950695,0.349580,-1.421494,-1.809508,1.832614,-1.266194,-0.583122,0.582506,1.771973,0.305686,0.742866,-2.508173,2.056179,-0.602883,0.444121,-1.423079,1.588605,0.419017,2.276958,1.364588,-0.934171,0.833601,0.487160,-0.003386,0.540488,0.836694,-0.435386,-2.067570,1.208911,-0.316207,-1.223921,-0.736871,-2.641434,-0.318352,1.688885,-1.181402,2.352907,1.794625,0.792844,0.377630,1.039369,-0.328381,1.606453,-1.656289,0.038303,0.653158,-1.422760,-1.033753,2.336633,-1.448404,0.012528,-1.073667,-0.714498,-0.136128,-1.810346,2.173447,-0.250298,0.000923,0.886698,-2.781991,1.426005,1.349747,3.096140,0.303473,1.759545,-2.480751,-0.938171,1.462572,-1.961488,-0.746283,1.153919,2.478926,-3.817126,1.516880,2.884089,-1.323612,-2.638689,-0.366186,0.128904,1.048962,-0.596147,-1.307352,-1.715061,0.612857,0.170724,1.580456,1.439323,2.553569,-0.944158,2.663607,-0.150390,-0.802872,-1.829669,-2.533113,-0.156448,0.678119,-1.171056,1.021740,2.048318,-1.064627,2.192534,-0.921480,1.145410,0.091682,-0.017420,0.629461,-0.852790,0.468135,1.604400,-1.179992,-1.606908,-0.368770,0.811372,-1.133429,-2.051162,-1.181280,-2.342231,1.687432,0.844820,3.599393,-2.849171,0.439874,-0.110475,0.932370,0.720755,-1.745505,-1.444473,1.877178,-0.672666,0.527959,-2.641950,2.944205,-0.005503,-1.662300,-1.983722,-1.662756,1.466836,0.452052,0.156630,-1.656018,-4.264424,1.429129,-0.483618,0.040083,-2.441407,2.947059,-0.910864,-1.582399,-1.038130,-0.421333,-1.316221,1.359491,-1.210768,-0.018889,1.957239,0.322365,1.643419,2.760114,0.356029,0.391709,-0.084222
1.318128,1.792107,-1.654579,-0.309933,4.310714,-0.467622,-0.851518,-2.526661,0.116203,0.500846,-1.663251,2.480112,-1.233873,3.070944,-1.538400,1.015623,2.613747,-0.667760,-1.094142,2.330020,2.336958,-4.909437,-2.864548,1.881772,-2.686263,0.821256,0.578431,2.882041,0.448725,1.794622,4.465486,-1.546793,-1.395810,-1.208476,-0.693369,-0.630990,-1.267048,-1.313654,2.806033,2.637485,0.157193,2.663250,-2.000176,1.852259,3.047955,0.016428,-0.570931,1.200648,0.874591,-2.620191,-1.119149,6.005477,-3.859388,-0.336013,-2.886003,2.375411,-3.123982,3.628446,-0.382227,1.457958,1.202444,-0.284919,-0.825652,1.150730,-0.269608,0.649032,-2.164289,-0.719027,-1.201552,-1.478887,-1.184216,-4.254687,-2.815950,1.903125,-2.316653,-1.490730,-1.883022,2.660575,1.635112,-1.344089,0.243393,-1.066164,-3.604100,-5.271460,2.152786,-1.465112,-2.519711,3.065247,1.966134,-0.976391,-3.225838,-2.869260,1.298332,0.600259,1.206017,-2.379884,0.075921,0.194107,-2.651343,-0.681228,0.433875,2.554245,-1.037381,4.654937,-4.275106,2.288820,1.893603,-2.393675,-1.542628,1.300247,4.557506,0.795777,5.329182,2.940486,1.217397,-3.727945,-3.882057,3.145794,-2.067294,-1.009568,-0.877842,-0.620920,1.834826,0.837689,2.072803,-5.332538,0.479968,-1.578096,-0.633353,3.424701,0.660965,-3.896676,-2.906946,3.357251,1.434661,-0.969907,3.307822,2.799288,0.252629,-0.718823,0.198583,0.576478,0.549382,-1.715260,1.057082,0.134603,1.432794,0.350233,-1.436350,-0.269307,2.529995,0.078796,-0.305600,-1.257524,0.580478,2.201919,0.736162,0.101884,3.249255,-2.242355,3.503607,-0.200643,4.631256,-2.122638,4.231490,-3.761076,2.013961,0.709724,1.647927,-1.329588,2.066931,1.527548,2.703443,2.454007,3.151993,2.427288,0.301286,-0.368565,-1.716033,-3.430618,-1.900379,-1.153067,-0.871131,-4.004633,1.301675,-1.957270,-0.822202,-2.368699,-0.400691,-2.169858,1.313274,1.326462,-0.649246,0.936553,1.005408,2.367686,-0.827672,1.415708,0.039021,3.404267
-0.717670,1.656680,-1.373852,0.454481,1.474306,-3.171501,-1.372585,4.905287,1.733054,-2.620188,4.854747,-11.982636,7.837349,-4.856523,-1.630838,-4.027177,-5.469611,6.218880,-3.027725,2.464825,-0.918833,1.310573,-3.390876,-5.069785,3.802410,-1.923484,-6.588179,0.884742,7.834892,6.001052,0.448590,-3.529834,-4.780012,10.193525,-1.941221,4.720115,3.874990,0.031175,0.036786,1.215292,0.257018,1.915560,3.173553,0.074694,3.825833,0.186765,-0.372023,-8.288411,3.446175,0.349065,4.886965,-8.651996,6.365515,-1.397832,4.176700,-3.536766,-0.561244,-2.299192,-3.830368,9.536271,-1.636848,-0.665342,2.793077,1.572079,-0.906491,1.812630,10.173870,0.334111,0.004833,4.425291,4.534445,3.878876,2.739616,-4.964921,7.085655,-5.496178,-1.631245,-3.029953,-0.081856,-0.298122,1.797784,2.693649,4.813199,-0.547050,-1.025414,3.627058,4.120197,-3.247300,2.769157,3.012837,-1.385834,3.994873,-0.129552,1.379581,0.423350,-1.554924,-2.922516,-4.704209,6.356690,-4.998147,-4.484763,-10.237246,-3.532713,-3.644789,5.772641,7.550798,-3.191228,9.423150,3.248126,-0.270001,-10.090624,8.803397,-3.100826,-5.872790,4.690392,9.997950,3.213795,3.737376,1.971667,3.835833,3.152069,0.559438,-0.277894,-2.462725,-4.204769,-3.703280,-8.630926,-1.152786,-8.018989,-2.363509,2.884180,4.539690,4.786777,-3.964374,-2.146670,2.782844,-2.935730,-2.084368,0.476087,-4.070930,2.051760,-6.947763,-0.193670,-0.752708,-7.728871,2.044952,1.811124,1.016231,0.746517,4.437242,2.471688,-0.721772,1.089349,1.986797,1.388220,1.345015,-2.927632,-2.763192,-5.960346,6.542958,-4.476148,-1.449779,0.377766,0.479402,1.010701,5.117815,-3.683754,0.962142,-3.685793,8.758630,-6.730506,-0.036051,4.904249,2.738921,-0.451199,-1.415492,1.487659,-0.280565,2.418161,11.077992,-1.730965,-3.957314,-0.628221,8.638960,-5.327346,5.620934,5.487514,-1.319495,3.441030,5.967857,-2.002485,0.403323,-0.324886,-4.391684,-1.516498,-4.922249,-0.865984,-1.677848,1.854005,-4.097035
1.325930,2.535250,-0.638868,1.557718,2.294386,-0.627865,0.384355,-2.586212,-0.065036,-0.459040,1.017536,-0.464253,-2.202870,0.971559,-1.532638,-0.124150,1.923695,1.139155,-3.268707,1.796634,1.692322,-5.887908,-2.819806,0.331438,-0.058009,1.305922,-0.650734,2.757922,4.086874,2.766973,2.165190,-2.712144,-1.142727,-0.371127,-0.873207,-0.485976,-1.936092,-2.321005,3.211881,2.000240,0.327165,2.696396,0.450666,0.725934,3.053198,-0.029398,-0.424854,-0.201252,1.450065,-2.773232,-0.117698,3.729457,-2.179635,0.524124,-2.189491,0.045570,-1.464862,1.669763,-1.674078,0.827533,-0.279668,0.891156,-1.074196,0.520357,0.172275,1.955947,0.834817,-1.536999,-0.105801,0.213209,-1.358196,-1.598744,-2.568956,2.467843,-1.389892,-3.698809,-1.627837,0.634120,0.945027,-1.363336,-0.196676,-1.661727,-0.459458,-5.583885,1.840707,-0.282042,-2.035040,0.917443,3.399306,-0.394660,-2.423855,-2.812464,-0.113909,1.362256,-1.038095,-1.841285,-0.700301,-2.329913,-1.445512,-1.147973,-0.691841,0.355908,-0.266884,2.728657,-1.333246,2.404038,0.733328,-1.140108,-0.188423,-0.163732,0.573322,3.062991,4.034665,0.910683,2.547899,-1.345247,-2.630352,1.578892,-2.528812,-1.199329,-1.406916,1.261025,1.605363,0.715049,2.560297,-4.795600,0.510972,-0.721058,-0.801476,2.456984,0.300832,-1.713673,-1.605509,3.486547,-0.156952,0.449623,1.854577,2.024646,0.318715,-2.863689,0.492087,-0.805177,0.168027,-0.816687,0.374562,0.458251,-0.170775,0.742552,-1.043146,0.514856,2.183445,-0.892372,2.235292,0.024740,0.648733,1.779597,-0.393156,-0.840406,-0.663384,0.136386,1.939739,-1.128484,2.593436,-0.531870,5.108549,-1.859506,1.109687,1.336647,0.807983,1.463472,0.647913,2.608071,3.569254,2.771713,2.848252,1.145435,-1.000787,-0.425830,0.623684,-1.720061,-4.381319,-1.366056,-1.230970,-1.376248,0.696672,-0.577629,2.528712,-1.852122,-2.030822,-2.148999,0.453753,2.952920,-1.933711,-1.723816,-0.988220,1.384590,-2.028958,1.085513,-0.689998,1.411655
-1.414764,-0.084444,3.129323,-0.220558,-2.371971,0.749074,1.014000,-0.056512,1.308216,2.237361,-1.818654,0.795861,-2.303148,-2.364841,0.389483,-0.719842,0.740732,-2.036065,0.535727,-0.817298,1.122699,0.992832,2.650746,-0.015485,-1.425831,-0.194514,1.040355,-1.935146,-2.971928,-1.109641,-1.217937,1.616161,2.181077,-1.325516,2.465392,-1.959635,0.172199,1.397307,-1.438873,-2.372998,0.155566,-1.583810,-0.890825,0.493089,-1.725679,-1.579697,1.272981,0.306671,1.370673,2.488508,-0.851067,-2.010484,1.413192,-0.290963,1.338831,-0.414816,2.759226,0.516014,1.037314,-0.099272,-0.181260,1.291067,0.531445,0.897171,1.831237,-0.789717,0.663139,0.119719,0.394995,-0.626431,0.345489,1.145669,-0.661345,1.740774,-0.637112,0.901894,2.011282,0.119242,-0.020177,1.692790,-0.606180,-0.466747,1.175303,1.568342,0.796516,0.124327,0.726877,-0.194632,-1.559603,-0.846623,-0.520604,1.950985,0.607662,-0.531007,0.423103,0.593447,-2.110099,-0.821509,-0.633651,1.100759,0.857510,1.326686,0.089766,-1.857001,0.250870,-1.177068,0.219209,-0.483138,0.272537,-0.499283,-0.745380,-1.319228,-1.226955,-0.016499,0.245150,-0.071281,1.951796,-0.463771,1.768284,-0.344130,-0.619575,-0.080150,0.722100,1.280590,1.758448,2.121534,1.570234,0.319975,3.003795,-2.983795,-1.530572,-0.162135,-1.383549,-2.281959,-1.525041,0.109254,-0.578966,0.639772,-0.241936,0.139359,-0.214620,1.670800,-1.034680,1.042391,1.302168,0.611708,-2.955595,1.004103,0.793168,0.796802,-3.025535,-0.256716,-1.008457,-0.488848,-0.294504,-1.477675,-0.256452,0.213816,0.120489,0.258448,-0.201649,-0.433409,-3.447357,1.967778,-2.337511,-0.289265,0.753678,-0.196916,0.233516,0.492916,2.718868,1.239995,-1.443640,-1.189960,-1.106869,1.606097,-0.233737,0.543838,-0.211419,-1.477872,1.219302,-1.341700,0.206626,0.682762,1.110947,0.402322,0.812845,-0.358723,-0.282084,1.627326,-0.223883,-1.376794,-1.803413,1.001266,-1.223074,0.133401,2.205561,-0.445915,-0.529255,-1.796566
-1.118389,2.141619,7.027420,-1.899234,-3.344086,1.854489,4.385005,-1.876189,3.070094,2.365062,-6.829408,3.329117,-8.813368,-4.327967,-0.387097,-1.275121,2.468496,-4.562966,-2.580709,-1.454805,4.791847,0.055952,7.968544,-0.769666,-6.267229,-1.815447,-0.137031,-1.465993,-5.447712,-4.947479,-1.989488,2.909176,7.388738,-4.789794,4.530454,-4.466717,-1.221109,2.899925,-2.457320,-3.724998,-2.223400,-4.479028,-5.543256,1.596838,-4.242300,-3.031097,4.811863,1.067067,1.572372,4.774922,-4.369718,-2.040574,1.774635,-2.937658,-1.161994,1.739789,5.370136,0.688182,-1.038043,-1.487463,-0.625942,3.046790,0.834329,1.118257,4.014991,-1.165256,-1.170784,1.153502,0.563829,-3.113662,2.551357,0.042655,-1.748086,5.152471,-3.624067,3.367366,6.727301,0.367577,-1.822168,1.984897,-0.180475,-3.396812,1.724950,2.720673,3.059931,0.012351,0.360500,-0.831065,0.053594,0.399270,-2.611080,0.115572,-2.136305,-4.159190,1.096868,3.804439,-1.908249,-1.676665,-4.320869,-0.520922,0.798398,2.799205,1.226355,-2.530289,-1.929838,-1.495529,0.429653,-1.844545,-1.709546,-0.610756,-0.337589,-3.552932,0.358937,1.054742,-1.433098,-3.872617,5.497620,0.014541,2.557616,1.759043,0.828241,-0.943035,2.097556,4.557172,4.606704,4.354512,2.569605,3.045328,11.553870,-3.727029,-4.515645,-2.759405,-4.342294,-3.910364,-1.554334,3.507501,-0.378345,4.394178,0.814860,0.595384,-2.722216,5.962459,-2.542819,3.679985,2.250564,1.117369,-6.242169,4.650035,2.045138,0.767329,-6.630141,-1.201028,-1.455001,-1.925322,-3.261317,-2.330386,-1.228208,0.200710,3.435876,-2.523541,-1.396021,-2.591551,-5.753771,5.826917,-6.706651,-4.383808,5.386028,-1.198442,3.392536,-0.966380,6.266327,4.829554,-3.803389,-3.947380,-3.848074,4.939851,0.285073,1.383213,0.346747,-6.110780,0.654666,-5.467997,-2.066723,-0.882146,5.756906,0.183555,5.062461,-1.486060,-2.241921,0.105637,-0.211889,-2.216076,-6.775545,3.661746,-1.050554,1.289867,4.348476,2.832214,-3.287903,-5.604474
-3.628235,1.010265,3.593039,1.291684,-5.827560,-1.366126,2.278677,-0.482500,0.780805,0.201078,0.134619,0.122640,-3.569951,-3.061188,1.059861,-1.770915,0.794251,-2.642283,1.480762,-2.020802,0.120006,1.223051,3.561780,0.620111,0.874319,-0.008252,0.822319,-2.777347,0.365830,-1.395465,-2.534043,1.987768,2.841741,-1.081159,3.423834,-3.857270,0.287849,1.398985,-1.243687,-2.402302,-0.972957,-2.775327,-0.180065,-0.682243,-0.591737,-1.040819,-0.443414,0.995156,0.135971,1.838735,1.088439,-3.793450,3.825475,0.726859,2.348858,-1.933525,4.129708,-3.647563,1.879695,-1.991612,-0.307007,1.027317,1.600266,0.011330,1.268606,-0.611506,2.461585,-1.569686,1.773733,1.573353,-0.224075,4.366664,1.376873,1.100410,-0.982320,-1.586534,1.811427,-0.042801,0.372722,2.268092,0.044770,-1.354598,2.718505,2.825582,-0.469865,0.314377,-0.102155,-1.962988,-1.312860,-1.427823,1.630566,0.881805,0.081495,-0.815273,-2.359530,1.422949,-0.950995,-0.516089,1.407385,0.387415,0.908505,0.575596,2.454860,-3.655486,2.546039,-2.781777,-1.046081,-0.332883,1.380904,-2.162387,-0.910094,1.911753,-3.783833,-1.726597,-0.123206,1.245532,1.067467,-2.595441,0.410007,-0.331891,-0.697904,1.822675,0.554470,0.123961,1.606338,2.163094,1.402041,2.578691,2.744986,-2.842843,-0.349449,1.876371,-1.827043,-2.067803,-2.255823,0.415183,-2.913958,0.507348,2.601608,0.719065,-2.759772,1.443359,-1.386639,3.917331,2.508647,-1.608005,-3.374602,1.343248,0.241066,0.922735,-3.646338,-1.148313,0.597658,1.475663,-0.672275,1.400754,-2.508740,-0.998940,-2.463182,3.289218,-0.767825,-1.277621,-5.720055,1.944485,-2.033376,1.403361,2.052821,-0.141747,1.315332,0.098728,2.097815,1.242556,-2.172914,0.277725,-0.553528,-0.255738,-2.834254,0.865743,2.378437,0.067612,-0.354343,-0.355743,0.590879,2.847711,1.533267,-0.200344,1.413977,0.074446,-1.964277,0.114888,-1.171371,-0.736523,-2.268422,-1.559452,-1.690088,-1.184243,-0.142471,-3.594303,-0.954564,-2.693829
0.284291,0.401632,0.156747,-0.318085,-1.487670,-1.128718,-0.726232,3.814956,0.875361,-1.199819,1.965076,-5.588095,3.325592,-4.553157,-0.384042,-1.633914,-4.442602,4.127088,-0.734183,-0.262704,-0.778706,2.045238,-0.378178,-2.479498,3.347809,-3.241594,-3.568106,0.098387,4.836680,1.826827,-1.918522,-1.267685,-2.569492,5.048544,-1.118137,0.904878,1.667145,0.546292,-1.240740,-0.864402,-1.058359,0.365395,0.718938,-1.771549,0.413216,-0.117432,-1.332900,-4.658684,1.060933,0.575308,3.452239,-4.415858,3.966867,-1.483090,2.066102,-2.041376,0.884256,-3.360969,-1.995878,2.173583,-0.462188,-0.494314,0.975904,-1.443614,-0.612710,1.282165,3.808070,0.412973,-0.289873,3.439838,1.046804,2.891609,0.729473,-3.396235,3.414868,-1.020536,-0.465814,-2.888155,-1.016557,0.072956,1.977215,-0.333341,4.134772,2.967744,-2.428049,1.926559,4.192676,-3.483183,0.204534,3.138172,0.196902,1.992176,-0.803548,-0.387979,-1.875371,0.579825,0.011891,-1.235191,3.831685,-1.657093,-2.563372,-6.724229,-1.621361,-4.288542,4.122411,1.442696,-1.631200,4.524133,1.492828,0.238627,-6.339420,3.686715,-2.703772,-4.433985,3.209120,3.744303,3.446673,0.216992,0.556664,4.147717,0.637911,0.759274,-1.888884,-0.206629,-3.247000,0.856273,-4.047350,1.150563,-2.815893,-2.129616,0.024011,4.394863,4.060838,-3.541451,-1.921087,2.131253,-2.983976,-2.425787,1.004996,-2.118255,0.641703,-2.168356,-0.088524,0.224046,-3.280701,1.657842,0.227301,0.039528,0.985090,1.909936,1.322190,-1.641000,-0.015743,1.231444,0.139652,-1.158985,-1.234878,-2.076942,-3.539328,3.671129,-4.013460,-0.263874,-0.953889,0.859830,-1.338904,3.200281,-1.929696,0.895316,-1.694958,3.425546,-4.797170,0.146264,2.297245,-0.267273,-1.070606,-1.749434,1.281625,-1.302522,1.352054,7.819481,0.016542,-0.018039,-0.498492,3.693283,-2.570850,1.529305,3.058394,0.150306,1.853147,2.545404,-2.128715,-0.021803,-0.012683,-2.497443,-0.766259,-3.612404,-0.208542,0.330575,-0.346058,-4.098636
-0.558189,-0.319929,3.940527,-1.969944,-1.243948,1.842224,2.268527,1.887787,2.604713,1.565936,-3.447721,-1.513588,-0.213815,-4.713067,0.369856,-1.025360,-1.123347,-0.934607,-0.500504,0.117140,2.169960,4.269776,4.283842,-3.900907,-4.083336,-1.211412,-1.681482,-1.108221,-4.991180,-1.933747,-1.920160,2.245604,4.120807,0.363371,1.741711,0.495100,0.841062,2.804876,-3.112005,-3.251176,-1.042452,-3.025033,-0.283241,1.623817,-2.695448,-2.624925,3.598269,-0.379082,2.704094,2.958854,-2.170982,-5.928504,4.725130,-1.344735,2.126418,-0.096552,3.209292,-0.136859,-1.189819,1.793605,-0.017840,1.878565,0.766590,0.845056,2.057296,-1.943500,1.108732,2.012886,1.150474,-0.746920,3.634957,-0.339963,1.041417,-0.165916,1.860838,2.527739,4.443928,-1.162325,-2.467337,1.854084,-1.408292,1.896698,2.332786,3.278390,1.138569,-0.563304,3.710837,-1.257096,-1.323897,1.243623,-1.477256,2.870745,-2.005530,-3.259314,4.272831,2.310572,-2.067594,-1.862209,-0.878992,-0.137466,-0.673114,-0.520317,-2.843863,-3.066028,0.290937,0.809056,0.181787,2.284403,-0.090416,-0.566099,-2.453793,-1.918614,-2.830247,-0.174362,-0.071580,2.034083,4.381375,2.458004,4.664582,3.237330,1.291092,-1.704629,0.347574,2.286035,0.450853,4.818146,-1.989668,-0.124507,4.769098,-4.119458,-2.174651,0.301563,-1.504808,-5.721219,-0.796196,1.820990,-0.001315,2.183493,-1.348067,-0.012564,-0.811811,1.283384,-2.077986,1.191859,-1.823619,1.354245,-2.705133,2.772871,1.423154,1.421451,-3.472034,0.669664,-1.529998,-1.888562,-1.158742,-4.019811,-0.546755,1.349704,1.702280,-0.770779,-3.197661,-1.290627,-3.305546,4.452289,-6.180077,-0.250062,0.716556,-0.571487,-0.713368,2.188638,0.956998,1.032399,-3.770996,-3.055372,-4.759213,1.635304,1.513090,0.527849,0.618988,-1.119791,2.839745,-4.482688,-0.658000,2.821507,3.452926,3.679973,1.551155,-1.054791,1.777997,2.945503,-1.163150,-3.706865,-2.618579,2.515143,-0.928070,-0.663061,5.980290,1.006336,-0.895914,-4.735434
1.719326,-0.877714,-2.951697,-0.911600,4.047992,0.431829,-1.514654,-0.989771,-0.821319,0.176515,-0.605909,1.205315,2.587234,3.991677,-0.267453,2.812129,0.397393,0.304892,-0.153236,2.135653,0.071049,-0.767732,-1.863042,0.859520,-0.636610,0.441066,0.969107,2.524326,-2.421010,0.384538,2.469947,-1.390058,-1.616045,-0.262646,-1.656099,3.693587,-1.076901,-1.551469,1.422958,2.135609,0.821284,1.526878,-0.052510,0.948799,-0.008999,1.123906,-1.423591,1.328060,-0.470952,-1.744060,-1.055223,3.623670,-4.026453,0.289146,-1.900820,0.704728,-3.921435,3.532897,-0.454473,0.339244,0.173165,-0.813333,-2.448531,0.706753,-1.650644,0.248376,-2.916483,0.401139,-1.591636,-1.247733,0.685315,-4.391967,0.238278,-0.712439,0.062850,0.590338,-1.954556,0.523071,0.112499,-1.343248,-1.034563,2.455246,-3.619877,-2.580829,0.619626,-1.777243,-1.086205,2.682667,-1.353852,0.025154,-1.683612,-2.129488,0.516523,-0.160634,3.183666,-0.799011,0.848400,2.283378,-2.113086,1.871949,-0.087922,1.568572,-1.201192,3.625730,-2.880398,1.850628,0.365644,-1.824206,-1.244802,1.901797,1.334285,-3.623146,2.743048,2.405152,-1.264815,-1.757047,-1.890925,1.369111,-0.622904,-0.457460,-0.275387,-1.889218,0.649877,-0.487260,-1.453071,-1.105941,0.931144,-2.633246,-1.243438,2.996778,0.009541,-1.304289,-0.339808,2.576828,2.520284,-1.636373,3.516454,-0.217662,-1.423051,1.304716,0.926006,-0.007201,1.338987,-3.320043,-1.211032,0.310818,3.111238,-0.135230,-0.211642,-2.293313,2.122687,1.852573,0.404817,-1.260832,1.177918,-0.679091,2.431375,0.991014,3.307138,-3.633808,2.003467,1.613737,4.506556,-2.843383,2.304842,-1.459883,-0.949817,-0.853211,-0.888889,-1.094752,0.351724,-2.414055,0.742053,0.711653,0.860974,1.040555,1.764604,-1.221363,-1.500606,-2.290326,0.597696,1.463095,-0.657677,-2.948235,-0.984774,-0.847786,-3.734040,0.194357,1.588376,-1.334804,1.369059,-0.544257,2.621038,2.158387,1.773812,2.413075,1.416463,1.256416,1.016120,4.639375
-1.387737,-3.153263,-0.797656,2.343173,1.777022,-1.152252,-2.281689,1.713322,-1.055660,1.779108,-0.168113,-3.780450,3.740710,3.565612,0.010440,-0.848652,-0.839770,0.423199,3.841571,3.410193,-1.845742,0.902615,-2.407136,-2.183343,0.483937,3.537606,-1.435515,-1.399228,-2.106684,1.989962,4.315772,0.756580,-0.149230,2.467162,2.464370,4.280548,2.073436,0.002744,-1.895368,2.179528,1.974262,-0.250001,3.013642,1.889550,1.207892,1.598931,-0.938097,0.347813,2.322193,-0.834331,1.419412,-3.767855,1.288029,2.767515,2.458448,-1.480406,-1.201075,0.081033,1.944690,3.278461,-1.239901,0.677523,1.002465,2.692430,-0.303729,-0.201607,1.726149,0.738475,-0.078290,0.977254,3.109187,-0.644078,2.291301,-2.998299,3.889099,-1.320015,-0.999755,-0.697234,2.407779,1.232941,-2.065341,5.417809,-1.982303,-1.202869,0.079146,-1.449603,-1.283396,-0.189460,-1.300780,-1.003503,-1.882725,4.123771,0.499133,0.016678,4.775901,-0.658715,-3.395811,-0.572753,0.390149,1.819325,-0.406328,0.008319,-3.284130,0.018609,0.466970,1.749045,0.040441,1.815147,1.996770,1.580814,0.849718,1.210063,-3.237022,1.848393,-0.162025,4.412171,-0.352881,3.207122,1.381443,-2.995444,0.501403,-1.516622,-0.120443,-2.192113,-2.282893,-0.861719,-1.281771,-4.118098,-3.359142,0.306532,-0.223618,2.360192,-0.791785,-2.216956,-0.838428,-3.059075,2.317002,1.208255,-0.421075,0.476919,0.316189,-4.358276,-0.783509,-1.319479,-2.767513,-0.181949,2.936419,1.810517,-0.444961,0.929466,2.535430,1.708197,-0.655115,-1.340200,2.173307,-0.209857,2.100658,1.509664,1.512462,0.304087,1.893085,0.717394,3.145422,-0.586797,1.251717,2.570249,-1.615852,-1.769485,-1.259607,0.601017,0.004619,-2.753970,-2.136985,2.391931,2.723531,-1.830476,1.203040,1.075173,1.236997,-0.653041,1.549324,-3.239279,1.586564,2.579681,-1.224839,4.141507,-4.090081,-1.710618,1.247769,3.345977,2.774767,-1.546293,3.040326,0.128602,0.525251,0.608489,2.242005,-4.407007,4.018353,2.048081
